Opportunity_ID,Client_ID,Product,Stage,Contract_Value_EUR,Probability_%,Sales_Rep,Date,Revenue_EUR
OPP_00001,ALC_0084,CO2,Prospect,167781,34,Nina,2024-01-11,0
OPP_00002,ALC_0140,Medical Gas Mix,Closed Won,892008,79,Lucas,2025-04-13,446004
OPP_00003,ALC_0124,Oxygen,Prospect,486247,72,Emma,2023-01-04,0
OPP_00004,ALC_0033,Argon,Qualified,42019,45,Hugo,2023-05-18,0
OPP_00005,ALC_0101,Nitrogen,Prospect,443164,11,Nina,2023-08-19,0
OPP_00006,ALC_0012,Medical Gas Mix,Negotiation,532994,31,Lucas,2024-08-22,0
OPP_00007,ALC_0067,Oxygen,Qualified,70133,25,Nina,2024-06-12,0
OPP_00008,ALC_0065,Hydrogen,Negotiation,381588,27,Hugo,2023-02-21,0
OPP_00009,ALC_0074,Oxygen,Closed Lost,202530,78,Lucas,2024-10-07,0
OPP_00010,ALC_0043,Oxygen,Prospect,384747,63,Emma,2024-12-23,0
OPP_00011,ALC_0044,Argon,Prospect,163598,39,Lucas,2023-11-21,0
OPP_00012,ALC_0029,Nitrogen,Qualified,471709,54,Nina,2024-12-31,0
OPP_00013,ALC_0141,Hydrogen,Closed Won,133585,28,Nina,2024-12-17,133585
OPP_00014,ALC_0012,CO2,Qualified,450414,96,Nina,2024-12-23,0
OPP_00015,ALC_0095,CO2,Proposal,250172,43,Nina,2023-10-04,0
OPP_00016,ALC_0046,Oxygen,Prospect,497750,22,Emma,2024-06-19,0
OPP_00017,ALC_0130,Argon,Closed Won,310539,52,Lucas,2024-04-30,310539
OPP_00018,ALC_0035,Argon,Proposal,422247,71,Emma,2024-05-30,0
OPP_00019,ALC_0081,CO2,Closed Won,473758,31,Emma,2023-06-01,473758
OPP_00020,ALC_0090,Hydrogen,Closed Lost,130814,61,Emma,2024-04-27,0
OPP_00021,ALC_0008,Nitrogen,Qualified,435917,61,Nina,2023-09-16,0
OPP_00022,ALC_0093,Hydrogen,Closed Won,379743,45,Nina,2023-11-20,379743
OPP_00023,ALC_0090,Medical Gas Mix,Prospect,61878,82,Nina,2025-05-18,0
OPP_00024,ALC_0115,Medical Gas Mix,Closed Won,894722,28,Lucas,2023-06-17,447361
OPP_00025,ALC_0105,Nitrogen,Negotiation,418540,47,Hugo,2024-11-18,0
OPP_00026,ALC_0135,CO2,Closed Won,158939,79,Nina,2023-11-06,158939
OPP_00027,ALC_0058,Nitrogen,Prospect,267347,88,Lucas,2025-03-13,0
OPP_00028,ALC_0114,Argon,Qualified,414760,66,Nina,2024-04-23,0
OPP_00029,ALC_0075,Medical Gas Mix,Proposal,828230,29,Nina,2023-02-25,0
OPP_00030,ALC_0120,Oxygen,Proposal,296207,18,Emma,2024-09-11,0
OPP_00031,ALC_0021,Oxygen,Qualified,95880,41,Emma,2024-04-17,0
OPP_00032,ALC_0138,CO2,Proposal,8748,13,Emma,2023-10-23,0
OPP_00033,ALC_0101,Argon,Prospect,241094,59,Lucas,2024-04-05,0
OPP_00034,ALC_0099,Hydrogen,Proposal,384413,91,Hugo,2023-11-20,0
OPP_00035,ALC_0036,Argon,Closed Won,464845,14,Hugo,2025-03-24,464845
OPP_00036,ALC_0096,Oxygen,Proposal,347908,29,Lucas,2025-04-25,0
OPP_00037,ALC_0037,Oxygen,Prospect,156956,96,Nina,2023-05-21,0
OPP_00038,ALC_0012,Medical Gas Mix,Proposal,322510,84,Lucas,2024-10-28,0
OPP_00039,ALC_0113,Argon,Prospect,479786,46,Nina,2023-09-19,0
OPP_00040,ALC_0013,Argon,Closed Lost,469462,31,Lucas,2025-02-23,0
OPP_00041,ALC_0023,Oxygen,Prospect,375180,67,Lucas,2024-02-24,0
OPP_00042,ALC_0099,Hydrogen,Closed Won,155331,77,Lucas,2025-01-13,155331
OPP_00043,ALC_0105,CO2,Closed Lost,172031,53,Hugo,2023-08-29,0
OPP_00044,ALC_0030,CO2,Closed Won,383669,43,Emma,2023-12-21,383669
OPP_00045,ALC_0017,Argon,Negotiation,1295019,86,Lucas,2025-04-28,0
OPP_00046,ALC_0113,CO2,Closed Won,352823,51,Hugo,2025-02-08,352823
OPP_00047,ALC_0062,Oxygen,Closed Lost,130829,18,Emma,2025-01-30,0
OPP_00048,ALC_0084,Oxygen,Negotiation,133216,16,Emma,2024-08-11,0
OPP_00049,ALC_0112,Argon,Negotiation,400319,77,Lucas,2023-06-29,0
OPP_00050,ALC_0086,Argon,Negotiation,70901,28,Nina,2023-03-07,0
OPP_00051,ALC_0141,Medical Gas Mix,Proposal,496772,40,Nina,2025-03-30,0
OPP_00052,ALC_0019,Argon,Negotiation,180607,44,Nina,2023-12-14,0
OPP_00053,ALC_0100,Hydrogen,Proposal,414319,66,Lucas,2023-06-20,0
OPP_00054,ALC_0140,CO2,Qualified,103046,94,Nina,2024-04-18,0
OPP_00055,ALC_0147,Argon,Prospect,357156,70,Hugo,2024-06-17,0
OPP_00056,ALC_0076,Nitrogen,Prospect,83278,40,Hugo,2024-01-02,0
OPP_00057,ALC_0009,Medical Gas Mix,Qualified,559070,92,Hugo,2023-04-17,0
OPP_00058,ALC_0028,Nitrogen,Prospect,107476,62,Hugo,2024-03-14,0
OPP_00059,ALC_0128,Oxygen,Negotiation,427117,41,Emma,2025-04-14,0
OPP_00060,ALC_0052,CO2,Qualified,387865,75,Hugo,2023-08-15,0
OPP_00061,ALC_0083,Argon,Closed Won,102537,68,Nina,2024-03-19,102537
OPP_00062,ALC_0111,Nitrogen,Prospect,348303,19,Lucas,2024-03-17,0
OPP_00063,ALC_0144,CO2,Qualified,1398390,11,Nina,2024-01-31,0
OPP_00064,ALC_0117,Oxygen,Closed Won,398184,75,Hugo,2024-12-28,398184
OPP_00065,ALC_0069,Hydrogen,Negotiation,186429,69,Emma,2024-08-03,0
OPP_00066,ALC_0099,Medical Gas Mix,Prospect,445960,97,Hugo,2023-03-25,0
OPP_00067,ALC_0140,CO2,Closed Won,436653,26,Lucas,2024-09-06,436653
OPP_00068,ALC_0025,CO2,Closed Won,302647,25,Nina,2024-07-04,302647
OPP_00069,ALC_0123,Hydrogen,Qualified,494498,25,Lucas,2023-01-13,0
OPP_00070,ALC_0053,CO2,Qualified,491675,55,Lucas,2025-03-19,0
OPP_00071,ALC_0144,Oxygen,Closed Lost,241209,48,Lucas,2025-04-04,0
OPP_00072,ALC_0057,Oxygen,Negotiation,439474,40,Nina,2024-11-23,0
OPP_00073,ALC_0039,Hydrogen,Proposal,431940,97,Hugo,2024-05-07,0
OPP_00074,ALC_0109,Medical Gas Mix,Closed Won,415716,10,Lucas,2023-09-25,69286
OPP_00075,ALC_0042,Argon,Qualified,341986,20,Nina,2024-06-08,0
OPP_00076,ALC_0142,Nitrogen,Proposal,109927,94,Emma,2023-04-30,0
OPP_00077,ALC_0122,Argon,Qualified,282052,13,Nina,2023-12-19,0
OPP_00078,ALC_0133,CO2,Closed Won,490833,80,Emma,2023-02-26,490833
OPP_00079,ALC_0075,Nitrogen,Negotiation,448842,35,Nina,2023-02-09,0
OPP_00080,ALC_0146,Hydrogen,Negotiation,304372,59,Hugo,2025-06-04,0
OPP_00081,ALC_0076,Hydrogen,Qualified,28386,21,Lucas,2023-12-02,0
OPP_00082,ALC_0009,Medical Gas Mix,Qualified,365652,90,Hugo,2024-10-01,0
OPP_00083,ALC_0074,Nitrogen,Proposal,295446,84,Nina,2023-06-22,0
OPP_00084,ALC_0145,Oxygen,Closed Won,327959,74,Lucas,2024-06-30,327959
OPP_00085,ALC_0007,Nitrogen,Proposal,257156,56,Emma,2023-09-16,0
OPP_00086,ALC_0141,CO2,Prospect,482964,62,Nina,2025-06-06,0
OPP_00087,ALC_0137,Oxygen,Closed Won,330488,80,Lucas,2024-05-31,330488
OPP_00088,ALC_0027,Hydrogen,Prospect,433834,11,Emma,2024-12-30,0
OPP_00089,ALC_0122,Nitrogen,Closed Lost,378747,33,Emma,2024-06-06,0
OPP_00090,ALC_0005,Argon,Prospect,474450,13,Hugo,2025-06-12,0
OPP_00091,ALC_0029,Medical Gas Mix,Negotiation,656516,28,Nina,2025-04-18,0
OPP_00092,ALC_0083,Argon,Prospect,253724,35,Emma,2023-04-27,0
OPP_00093,ALC_0136,Medical Gas Mix,Closed Lost,412404,84,Lucas,2023-07-03,0
OPP_00094,ALC_0109,CO2,Proposal,91575,49,Emma,2025-05-23,0
OPP_00095,ALC_0065,Argon,Prospect,84818,59,Emma,2023-04-26,0
OPP_00096,ALC_0086,Nitrogen,Qualified,119589,52,Hugo,2023-06-11,0
OPP_00097,ALC_0145,Nitrogen,Qualified,150406,84,Hugo,2024-08-01,0
OPP_00098,ALC_0071,Argon,Qualified,99715,76,Lucas,2024-12-12,0
OPP_00099,ALC_0045,Nitrogen,Closed Lost,198839,21,Hugo,2024-06-26,0
OPP_00100,ALC_0132,CO2,Proposal,273788,76,Emma,2024-08-09,0
OPP_00101,ALC_0036,Oxygen,Closed Won,368298,36,Emma,2023-08-25,368298
OPP_00102,ALC_0070,CO2,Negotiation,431149,63,Hugo,2025-04-18,0
OPP_00103,ALC_0019,Medical Gas Mix,Negotiation,524876,75,Emma,2023-03-07,0
OPP_00104,ALC_0108,CO2,Prospect,310613,58,Emma,2023-03-11,0
OPP_00105,ALC_0091,Medical Gas Mix,Qualified,863806,25,Lucas,2025-03-19,0
OPP_00106,ALC_0090,Nitrogen,Closed Won,373753,11,Hugo,2024-03-22,373753
OPP_00107,ALC_0019,Oxygen,Closed Lost,450872,69,Emma,2024-02-20,0
OPP_00108,ALC_0039,Nitrogen,Qualified,415591,63,Hugo,2024-06-15,0
OPP_00109,ALC_0126,Hydrogen,Qualified,332350,39,Lucas,2024-03-16,0
OPP_00110,ALC_0141,Nitrogen,Proposal,363606,93,Hugo,2025-01-07,0
OPP_00111,ALC_0126,Medical Gas Mix,Closed Lost,345358,47,Emma,2024-04-08,0
OPP_00112,ALC_0058,Nitrogen,Qualified,88178,37,Hugo,2024-01-31,0
OPP_00113,ALC_0148,Nitrogen,Proposal,422209,34,Emma,2024-12-11,0
OPP_00114,ALC_0061,Oxygen,Closed Won,180458,19,Emma,2024-07-04,180458
OPP_00115,ALC_0127,Nitrogen,Prospect,259466,69,Emma,2024-10-18,0
OPP_00116,ALC_0105,Oxygen,Prospect,444503,51,Lucas,2024-07-10,0
OPP_00117,ALC_0001,Argon,Negotiation,275172,49,Hugo,2024-01-30,0
OPP_00118,ALC_0131,Hydrogen,Closed Lost,234204,86,Lucas,2023-11-22,0
OPP_00119,ALC_0092,Oxygen,Qualified,491524,51,Hugo,2025-06-11,0
OPP_00120,ALC_0113,Medical Gas Mix,Proposal,202786,56,Lucas,2023-04-01,0
OPP_00121,ALC_0056,Argon,Proposal,394458,46,Nina,2025-01-19,0
OPP_00122,ALC_0117,Oxygen,Proposal,81312,89,Emma,2023-03-11,0
OPP_00123,ALC_0134,Oxygen,Negotiation,496587,31,Emma,2023-06-15,0
OPP_00124,ALC_0058,Hydrogen,Proposal,342468,66,Lucas,2024-10-03,0
OPP_00125,ALC_0044,Medical Gas Mix,Proposal,152392,93,Nina,2023-08-02,0
OPP_00126,ALC_0061,CO2,Proposal,75014,36,Emma,2025-05-01,0
OPP_00127,ALC_0047,CO2,Negotiation,406426,50,Hugo,2024-08-23,0
OPP_00128,ALC_0149,Oxygen,Proposal,146994,89,Lucas,2023-12-01,0
OPP_00129,ALC_0080,Nitrogen,Closed Won,1303515,43,Emma,2025-02-02,434505
OPP_00130,ALC_0118,Medical Gas Mix,Prospect,76680,41,Emma,2024-01-04,0
OPP_00131,ALC_0147,Argon,Closed Won,306994,99,Lucas,2025-05-10,306994
OPP_00132,ALC_0020,Nitrogen,Closed Won,1365600,98,Lucas,2024-08-06,455200
OPP_00133,ALC_0146,Nitrogen,Qualified,118711,75,Hugo,2024-11-07,0
OPP_00134,ALC_0047,Medical Gas Mix,Proposal,440500,21,Hugo,2023-02-18,0
OPP_00135,ALC_0049,Oxygen,Proposal,16094,49,Emma,2023-02-21,0
OPP_00136,ALC_0014,Oxygen,Qualified,355103,82,Emma,2023-10-16,0
OPP_00137,ALC_0143,Oxygen,Proposal,431634,85,Lucas,2025-02-28,0
OPP_00138,ALC_0001,Oxygen,Prospect,818655,99,Emma,2024-09-17,0
OPP_00139,ALC_0117,CO2,Qualified,116585,82,Emma,2023-08-27,0
OPP_00140,ALC_0054,Oxygen,Closed Won,470590,19,Lucas,2023-05-13,470590
OPP_00141,ALC_0118,CO2,Qualified,389708,57,Emma,2025-02-24,0
OPP_00142,ALC_0003,CO2,Closed Won,73798,29,Emma,2023-06-15,73798
OPP_00143,ALC_0144,Oxygen,Proposal,1149510,48,Nina,2024-01-09,0
OPP_00144,ALC_0012,Hydrogen,Closed Won,206604,69,Hugo,2024-01-08,206604
OPP_00145,ALC_0074,Argon,Negotiation,115130,75,Lucas,2025-03-15,0
OPP_00146,ALC_0016,Nitrogen,Prospect,289308,74,Nina,2024-04-22,0
OPP_00147,ALC_0102,CO2,Negotiation,171667,60,Hugo,2025-01-24,0
OPP_00148,ALC_0117,Medical Gas Mix,Prospect,70514,45,Hugo,2024-04-23,0
OPP_00149,ALC_0008,Medical Gas Mix,Proposal,824854,33,Hugo,2025-04-11,0
OPP_00150,ALC_0122,Argon,Closed Lost,363133,36,Nina,2024-10-11,0
OPP_00151,ALC_0092,Medical Gas Mix,Qualified,806896,11,Nina,2024-08-13,0
OPP_00152,ALC_0090,Hydrogen,Proposal,465969,40,Hugo,2024-11-12,0
OPP_00153,ALC_0136,Medical Gas Mix,Closed Won,115382,66,Emma,2024-09-26,57691
OPP_00154,ALC_0060,Nitrogen,Closed Won,487981,87,Emma,2024-11-18,487981
OPP_00155,ALC_0028,Nitrogen,Negotiation,84768,75,Nina,2023-10-27,0
OPP_00156,ALC_0101,CO2,Qualified,423829,38,Nina,2023-03-23,0
OPP_00157,ALC_0041,Oxygen,Negotiation,57078,24,Nina,2023-03-28,0
OPP_00158,ALC_0145,Hydrogen,Qualified,451751,21,Hugo,2023-08-13,0
OPP_00159,ALC_0141,CO2,Closed Won,230162,37,Emma,2023-01-16,230162
OPP_00160,ALC_0046,Hydrogen,Closed Lost,298052,93,Nina,2025-04-01,0
OPP_00161,ALC_0035,Oxygen,Closed Won,450329,33,Nina,2023-12-24,450329
OPP_00162,ALC_0134,Medical Gas Mix,Closed Won,49220,30,Lucas,2023-06-12,24610
OPP_00163,ALC_0082,Medical Gas Mix,Prospect,365436,19,Hugo,2024-09-01,0
OPP_00164,ALC_0115,Oxygen,Closed Won,330329,87,Lucas,2024-10-29,330329
OPP_00165,ALC_0047,CO2,Closed Won,339711,27,Emma,2024-05-28,339711
OPP_00166,ALC_0010,Oxygen,Prospect,183646,97,Lucas,2023-12-16,0
OPP_00167,ALC_0056,Argon,Closed Won,227123,23,Lucas,2024-11-11,227123
OPP_00168,ALC_0030,Nitrogen,Qualified,303326,43,Lucas,2024-04-08,0
OPP_00169,ALC_0109,CO2,Negotiation,1149840,67,Hugo,2025-04-06,0
OPP_00170,ALC_0005,Hydrogen,Closed Won,398786,85,Emma,2025-04-16,398786
OPP_00171,ALC_0119,Argon,Negotiation,496006,31,Lucas,2024-01-10,0
OPP_00172,ALC_0033,CO2,Prospect,24288,79,Hugo,2023-04-02,0
OPP_00173,ALC_0118,Oxygen,Negotiation,345968,45,Emma,2023-06-30,0
OPP_00174,ALC_0065,Oxygen,Proposal,428093,54,Nina,2025-01-12,0
OPP_00175,ALC_0146,Oxygen,Closed Lost,89425,45,Lucas,2023-10-28,0
OPP_00176,ALC_0011,Oxygen,Proposal,5917,31,Emma,2024-10-21,0
OPP_00177,ALC_0085,Hydrogen,Qualified,342746,87,Lucas,2025-03-02,0
OPP_00178,ALC_0026,Argon,Closed Won,493256,89,Nina,2023-07-08,493256
OPP_00179,ALC_0063,Medical Gas Mix,Proposal,1990314,70,Emma,2025-05-08,0
OPP_00180,ALC_0086,Nitrogen,Negotiation,339662,65,Hugo,2025-05-11,0
OPP_00181,ALC_0059,Hydrogen,Negotiation,258187,98,Emma,2023-11-10,0
OPP_00182,ALC_0027,Hydrogen,Closed Won,44104,42,Hugo,2024-05-07,44104
OPP_00183,ALC_0098,Medical Gas Mix,Negotiation,308268,54,Emma,2023-05-08,0
OPP_00184,ALC_0105,Medical Gas Mix,Proposal,568286,45,Hugo,2024-06-02,0
OPP_00185,ALC_0099,Nitrogen,Prospect,267091,29,Nina,2024-03-01,0
OPP_00186,ALC_0129,Nitrogen,Prospect,460061,27,Nina,2024-07-12,0
OPP_00187,ALC_0149,Medical Gas Mix,Qualified,816314,47,Nina,2024-07-18,0
OPP_00188,ALC_0055,Oxygen,Qualified,66169,76,Emma,2023-07-06,0
OPP_00189,ALC_0006,Hydrogen,Negotiation,159542,32,Nina,2024-07-03,0
OPP_00190,ALC_0095,CO2,Closed Won,134744,25,Lucas,2024-03-28,134744
OPP_00191,ALC_0133,Nitrogen,Proposal,377828,68,Nina,2024-04-15,0
OPP_00192,ALC_0102,Nitrogen,Closed Won,64821,78,Hugo,2025-01-07,64821
OPP_00193,ALC_0003,Medical Gas Mix,Closed Lost,445482,77,Hugo,2024-07-18,0
OPP_00194,ALC_0023,Argon,Closed Won,254265,30,Hugo,2023-08-12,254265
OPP_00195,ALC_0053,CO2,Negotiation,442651,87,Emma,2023-06-03,0
OPP_00196,ALC_0083,CO2,Proposal,402745,87,Lucas,2024-07-13,0
OPP_00197,ALC_0145,Nitrogen,Proposal,219127,79,Nina,2023-12-17,0
OPP_00198,ALC_0085,Oxygen,Prospect,279336,21,Lucas,2023-05-27,0
OPP_00199,ALC_0078,Argon,Proposal,341246,25,Lucas,2024-07-29,0
OPP_00200,ALC_0110,CO2,Closed Lost,208834,90,Hugo,2023-12-15,0
OPP_00201,ALC_0001,Nitrogen,Closed Won,718614,96,Hugo,2023-07-01,239538
OPP_00202,ALC_0051,CO2,Qualified,382038,23,Hugo,2024-09-28,0
OPP_00203,ALC_0004,Argon,Proposal,91795,70,Emma,2023-06-28,0
OPP_00204,ALC_0113,Argon,Closed Won,170159,80,Lucas,2023-02-08,170159
OPP_00205,ALC_0032,Hydrogen,Prospect,333821,55,Lucas,2025-02-10,0
OPP_00206,ALC_0034,Medical Gas Mix,Proposal,281398,41,Emma,2025-06-12,0
OPP_00207,ALC_0092,Medical Gas Mix,Closed Won,909514,24,Emma,2023-01-03,454757
OPP_00208,ALC_0095,Nitrogen,Proposal,248877,53,Emma,2023-03-05,0
OPP_00209,ALC_0072,Argon,Prospect,204298,26,Lucas,2023-01-29,0
OPP_00210,ALC_0039,Hydrogen,Proposal,401471,50,Lucas,2024-01-07,0
OPP_00211,ALC_0118,Hydrogen,Closed Won,193505,63,Hugo,2024-06-06,193505
OPP_00212,ALC_0003,CO2,Negotiation,141285,53,Hugo,2023-04-07,0
OPP_00213,ALC_0123,CO2,Qualified,107412,14,Lucas,2025-05-19,0
OPP_00214,ALC_0050,Hydrogen,Proposal,24404,36,Hugo,2024-03-17,0
OPP_00215,ALC_0012,CO2,Proposal,121545,96,Emma,2023-07-22,0
OPP_00216,ALC_0054,Argon,Negotiation,423596,87,Nina,2024-02-15,0
OPP_00217,ALC_0133,Oxygen,Closed Won,227128,88,Hugo,2023-01-21,227128
OPP_00218,ALC_0057,Argon,Prospect,155245,52,Lucas,2024-07-04,0
OPP_00219,ALC_0145,Hydrogen,Closed Won,189099,40,Hugo,2025-01-04,189099
OPP_00220,ALC_0112,Hydrogen,Prospect,291133,26,Hugo,2023-04-12,0
OPP_00221,ALC_0047,Argon,Proposal,266657,92,Hugo,2023-02-15,0
OPP_00222,ALC_0085,CO2,Prospect,375250,63,Nina,2023-03-07,0
OPP_00223,ALC_0142,CO2,Proposal,291663,71,Emma,2024-08-25,0
OPP_00224,ALC_0066,Medical Gas Mix,Proposal,523750,96,Lucas,2023-06-13,0
OPP_00225,ALC_0075,Hydrogen,Proposal,289583,41,Nina,2023-04-21,0
OPP_00226,ALC_0103,Nitrogen,Qualified,385714,49,Lucas,2023-12-04,0
OPP_00227,ALC_0038,Medical Gas Mix,Negotiation,950330,22,Lucas,2023-05-03,0
OPP_00228,ALC_0050,CO2,Prospect,19995,93,Lucas,2024-12-05,0
OPP_00229,ALC_0098,Argon,Closed Won,28559,44,Nina,2024-03-22,28559
OPP_00230,ALC_0082,CO2,Closed Lost,356193,14,Emma,2024-09-02,0
OPP_00231,ALC_0030,Argon,Qualified,403237,82,Lucas,2023-10-18,0
OPP_00232,ALC_0079,Medical Gas Mix,Proposal,206000,38,Emma,2024-11-01,0
OPP_00233,ALC_0091,Hydrogen,Proposal,157191,79,Emma,2024-02-16,0
OPP_00234,ALC_0052,CO2,Prospect,449755,34,Hugo,2024-09-06,0
OPP_00235,ALC_0079,Argon,Proposal,493051,31,Nina,2025-06-15,0
OPP_00236,ALC_0030,Hydrogen,Closed Won,306494,75,Nina,2023-10-08,306494
OPP_00237,ALC_0106,Nitrogen,Negotiation,444439,54,Hugo,2023-02-12,0
OPP_00238,ALC_0051,Argon,Prospect,30517,78,Hugo,2024-04-30,0
OPP_00239,ALC_0081,Medical Gas Mix,Closed Won,953738,98,Emma,2024-08-18,476869
OPP_00240,ALC_0133,Nitrogen,Proposal,420466,81,Lucas,2024-12-03,0
OPP_00241,ALC_0029,Nitrogen,Closed Won,220558,10,Nina,2023-02-20,220558
OPP_00242,ALC_0132,Oxygen,Negotiation,481111,93,Lucas,2025-06-16,0
OPP_00243,ALC_0138,CO2,Negotiation,356276,53,Lucas,2023-07-29,0
OPP_00244,ALC_0145,Argon,Prospect,489282,96,Hugo,2023-05-06,0
OPP_00245,ALC_0074,Nitrogen,Qualified,465014,84,Lucas,2024-05-06,0
OPP_00246,ALC_0017,Oxygen,Closed Lost,1357245,48,Emma,2024-05-23,0
OPP_00247,ALC_0084,Medical Gas Mix,Qualified,653380,63,Hugo,2024-08-03,0
OPP_00248,ALC_0069,Hydrogen,Closed Lost,110686,97,Lucas,2025-02-15,0
OPP_00249,ALC_0034,Argon,Proposal,93151,84,Hugo,2023-09-15,0
OPP_00250,ALC_0006,Nitrogen,Prospect,270471,38,Emma,2023-07-07,0
OPP_00251,ALC_0053,CO2,Prospect,125318,63,Emma,2023-08-18,0
OPP_00252,ALC_0126,Oxygen,Qualified,427984,99,Lucas,2023-07-08,0
OPP_00253,ALC_0043,Nitrogen,Closed Lost,200490,25,Hugo,2024-02-19,0
OPP_00254,ALC_0115,CO2,Proposal,492602,29,Lucas,2023-01-10,0
OPP_00255,ALC_0111,Nitrogen,Proposal,178860,55,Lucas,2023-04-24,0
OPP_00256,ALC_0080,Argon,Qualified,362835,76,Hugo,2023-03-17,0
OPP_00257,ALC_0095,Argon,Prospect,218456,74,Lucas,2024-11-06,0
OPP_00258,ALC_0118,Argon,Proposal,313974,67,Emma,2024-05-16,0
OPP_00259,ALC_0144,Medical Gas Mix,Prospect,344676,62,Hugo,2023-03-26,0
OPP_00260,ALC_0008,Medical Gas Mix,Closed Won,826752,10,Hugo,2023-02-18,413376
OPP_00261,ALC_0132,Oxygen,Proposal,192655,90,Hugo,2024-05-09,0
OPP_00262,ALC_0104,Argon,Proposal,432214,75,Hugo,2025-04-17,0
OPP_00263,ALC_0132,CO2,Proposal,425446,38,Lucas,2024-11-19,0
OPP_00264,ALC_0025,Nitrogen,Proposal,145148,93,Lucas,2024-01-22,0
OPP_00265,ALC_0096,Hydrogen,Closed Lost,74341,79,Emma,2024-01-24,0
OPP_00266,ALC_0093,CO2,Proposal,36085,17,Nina,2023-08-06,0
OPP_00267,ALC_0061,Medical Gas Mix,Prospect,645430,38,Nina,2024-12-01,0
OPP_00268,ALC_0122,Medical Gas Mix,Negotiation,825862,60,Emma,2023-12-12,0
OPP_00269,ALC_0051,CO2,Qualified,395452,42,Nina,2023-08-18,0
OPP_00270,ALC_0147,Medical Gas Mix,Prospect,21500,12,Emma,2023-09-12,0
OPP_00271,ALC_0021,Argon,Closed Lost,381075,69,Lucas,2023-08-24,0
OPP_00272,ALC_0005,Oxygen,Closed Won,345912,44,Hugo,2023-01-26,345912
OPP_00273,ALC_0092,Nitrogen,Closed Lost,40903,78,Hugo,2024-08-06,0
OPP_00274,ALC_0061,Oxygen,Proposal,208561,85,Lucas,2023-09-18,0
OPP_00275,ALC_0022,Nitrogen,Proposal,430309,93,Hugo,2025-02-04,0
OPP_00276,ALC_0149,Nitrogen,Qualified,96036,29,Hugo,2023-09-28,0
OPP_00277,ALC_0070,Oxygen,Qualified,92954,82,Nina,2023-05-03,0
OPP_00278,ALC_0001,CO2,Closed Won,1297590,48,Lucas,2024-10-17,432530
OPP_00279,ALC_0133,Nitrogen,Proposal,446441,13,Nina,2023-09-14,0
OPP_00280,ALC_0012,Oxygen,Closed Won,486201,28,Nina,2024-10-17,486201
OPP_00281,ALC_0090,Nitrogen,Closed Won,350158,54,Hugo,2024-02-25,350158
OPP_00282,ALC_0046,Hydrogen,Qualified,433395,52,Hugo,2023-09-16,0
OPP_00283,ALC_0034,CO2,Proposal,122305,22,Lucas,2023-02-16,0
OPP_00284,ALC_0078,Argon,Negotiation,423554,22,Hugo,2025-05-12,0
OPP_00285,ALC_0045,Nitrogen,Qualified,490651,69,Hugo,2024-06-08,0
OPP_00286,ALC_0073,Hydrogen,Closed Won,205753,66,Lucas,2025-06-06,205753
OPP_00287,ALC_0026,Argon,Proposal,37101,95,Hugo,2023-07-27,0
OPP_00288,ALC_0047,Argon,Qualified,7775,61,Nina,2023-11-07,0
OPP_00289,ALC_0121,Nitrogen,Negotiation,116497,62,Lucas,2025-01-16,0
OPP_00290,ALC_0056,Oxygen,Closed Lost,495399,95,Hugo,2023-05-29,0
OPP_00291,ALC_0094,Nitrogen,Qualified,50619,52,Emma,2025-04-13,0
OPP_00292,ALC_0107,Hydrogen,Closed Won,444054,92,Lucas,2024-03-13,444054
OPP_00293,ALC_0063,Argon,Qualified,772164,81,Lucas,2023-06-04,0
OPP_00294,ALC_0048,Nitrogen,Closed Won,417755,81,Emma,2024-11-08,417755
OPP_00295,ALC_0061,Oxygen,Closed Won,238346,51,Hugo,2023-03-31,238346
OPP_00296,ALC_0081,Nitrogen,Qualified,324268,99,Hugo,2024-11-28,0
OPP_00297,ALC_0026,CO2,Qualified,70149,35,Lucas,2025-04-09,0
OPP_00298,ALC_0036,Oxygen,Closed Won,31616,32,Lucas,2023-12-24,31616
OPP_00299,ALC_0001,Hydrogen,Proposal,1433613,52,Hugo,2023-06-23,0
OPP_00300,ALC_0008,Argon,Closed Won,226767,86,Hugo,2023-08-05,226767
OPP_00301,ALC_0113,Nitrogen,Prospect,190639,37,Nina,2024-03-31,0
OPP_00302,ALC_0099,Oxygen,Closed Won,173171,18,Lucas,2025-02-14,173171
OPP_00303,ALC_0047,CO2,Closed Won,211903,29,Lucas,2024-08-31,211903
OPP_00304,ALC_0127,Oxygen,Closed Lost,236318,65,Emma,2024-09-20,0
OPP_00305,ALC_0056,Medical Gas Mix,Prospect,657886,92,Nina,2023-07-18,0
OPP_00306,ALC_0014,CO2,Negotiation,357365,48,Hugo,2025-04-11,0
OPP_00307,ALC_0028,Hydrogen,Negotiation,382023,60,Nina,2024-04-30,0
OPP_00308,ALC_0078,Argon,Proposal,292623,21,Hugo,2024-06-16,0
OPP_00309,ALC_0130,Hydrogen,Proposal,444388,88,Hugo,2023-07-19,0
OPP_00310,ALC_0109,Nitrogen,Prospect,1098927,64,Nina,2024-01-06,0
OPP_00311,ALC_0014,Oxygen,Closed Won,60863,87,Lucas,2025-05-02,60863
OPP_00312,ALC_0056,Medical Gas Mix,Proposal,356230,20,Hugo,2024-03-23,0
OPP_00313,ALC_0115,CO2,Prospect,349713,35,Nina,2023-09-05,0
OPP_00314,ALC_0007,CO2,Negotiation,413624,51,Emma,2025-02-26,0
OPP_00315,ALC_0003,Oxygen,Proposal,258347,36,Nina,2023-09-21,0
OPP_00316,ALC_0111,Medical Gas Mix,Prospect,388104,20,Emma,2023-02-27,0
OPP_00317,ALC_0107,Oxygen,Closed Lost,481172,47,Hugo,2023-10-29,0
OPP_00318,ALC_0018,Nitrogen,Closed Lost,283495,52,Nina,2023-01-31,0
OPP_00319,ALC_0038,Hydrogen,Proposal,140203,28,Nina,2024-05-12,0
OPP_00320,ALC_0115,CO2,Prospect,252908,73,Emma,2023-09-06,0
OPP_00321,ALC_0015,Nitrogen,Closed Won,311969,15,Nina,2024-08-27,311969
OPP_00322,ALC_0119,Hydrogen,Proposal,278493,55,Nina,2025-02-15,0
OPP_00323,ALC_0028,Nitrogen,Qualified,197003,51,Hugo,2023-09-28,0
OPP_00324,ALC_0039,Medical Gas Mix,Proposal,622796,74,Nina,2024-08-28,0
OPP_00325,ALC_0017,CO2,Proposal,916107,81,Lucas,2024-10-27,0
OPP_00326,ALC_0086,Oxygen,Negotiation,279597,68,Emma,2024-01-29,0
OPP_00327,ALC_0126,Oxygen,Proposal,154886,61,Nina,2025-03-07,0
OPP_00328,ALC_0044,Hydrogen,Negotiation,154335,56,Emma,2024-05-16,0
OPP_00329,ALC_0025,Argon,Closed Lost,82694,16,Emma,2024-08-14,0
OPP_00330,ALC_0145,Medical Gas Mix,Proposal,41470,20,Emma,2025-03-14,0
OPP_00331,ALC_0013,Hydrogen,Closed Won,414046,70,Nina,2023-03-25,414046
OPP_00332,ALC_0025,Argon,Closed Won,315037,77,Nina,2023-12-31,315037
OPP_00333,ALC_0068,Nitrogen,Proposal,180745,34,Emma,2025-06-04,0
OPP_00334,ALC_0138,Medical Gas Mix,Proposal,788300,21,Lucas,2024-07-02,0
OPP_00335,ALC_0067,Nitrogen,Negotiation,225534,35,Emma,2023-12-08,0
OPP_00336,ALC_0109,CO2,Negotiation,150198,21,Lucas,2025-04-18,0
OPP_00337,ALC_0146,Medical Gas Mix,Closed Won,472774,52,Emma,2024-02-11,236387
OPP_00338,ALC_0111,Argon,Proposal,139445,60,Hugo,2024-02-29,0
OPP_00339,ALC_0111,CO2,Closed Lost,408551,46,Emma,2025-01-13,0
OPP_00340,ALC_0034,Oxygen,Prospect,421957,55,Emma,2023-04-03,0
OPP_00341,ALC_0111,Argon,Prospect,277836,62,Nina,2025-04-27,0
OPP_00342,ALC_0008,Hydrogen,Negotiation,445511,97,Lucas,2024-09-05,0
OPP_00343,ALC_0113,Oxygen,Qualified,50541,89,Hugo,2024-02-16,0
OPP_00344,ALC_0083,Oxygen,Qualified,170129,22,Lucas,2024-03-07,0
OPP_00345,ALC_0042,Hydrogen,Qualified,71983,98,Hugo,2024-11-08,0
OPP_00346,ALC_0101,Medical Gas Mix,Qualified,311310,63,Emma,2023-06-08,0
OPP_00347,ALC_0006,Oxygen,Prospect,158837,66,Nina,2023-01-14,0
OPP_00348,ALC_0026,Argon,Closed Lost,195359,13,Nina,2024-01-08,0
OPP_00349,ALC_0064,CO2,Qualified,422122,84,Lucas,2023-08-13,0
OPP_00350,ALC_0059,Oxygen,Closed Won,387891,58,Nina,2024-05-19,387891
OPP_00351,ALC_0109,Argon,Closed Won,1056741,16,Lucas,2023-03-14,352247
OPP_00352,ALC_0121,Nitrogen,Closed Lost,215747,20,Lucas,2023-09-06,0
OPP_00353,ALC_0033,Argon,Prospect,182597,63,Hugo,2024-05-25,0
OPP_00354,ALC_0150,CO2,Closed Won,174302,96,Lucas,2024-08-25,174302
OPP_00355,ALC_0021,Argon,Proposal,417736,54,Hugo,2023-08-04,0
OPP_00356,ALC_0070,Hydrogen,Negotiation,483454,32,Nina,2024-08-24,0
OPP_00357,ALC_0112,CO2,Negotiation,450150,37,Lucas,2024-06-24,0
OPP_00358,ALC_0004,Medical Gas Mix,Closed Won,585420,66,Lucas,2025-03-27,292710
OPP_00359,ALC_0094,Nitrogen,Qualified,340337,35,Emma,2023-08-08,0
OPP_00360,ALC_0075,Hydrogen,Closed Won,428350,34,Lucas,2025-04-19,428350
OPP_00361,ALC_0062,Medical Gas Mix,Proposal,817122,63,Lucas,2024-12-27,0
OPP_00362,ALC_0094,Argon,Closed Won,257084,38,Emma,2023-08-09,257084
OPP_00363,ALC_0095,CO2,Closed Lost,126015,92,Emma,2024-01-24,0
OPP_00364,ALC_0055,Nitrogen,Qualified,177257,45,Nina,2024-07-07,0
OPP_00365,ALC_0137,Hydrogen,Closed Lost,251536,23,Lucas,2024-10-08,0
OPP_00366,ALC_0131,Medical Gas Mix,Prospect,458042,87,Nina,2023-02-11,0
OPP_00367,ALC_0031,Medical Gas Mix,Prospect,271912,44,Nina,2024-11-06,0
OPP_00368,ALC_0040,Nitrogen,Prospect,75744,39,Emma,2025-05-22,0
OPP_00369,ALC_0036,Argon,Qualified,300599,26,Hugo,2023-10-10,0
OPP_00370,ALC_0006,Nitrogen,Negotiation,426234,76,Nina,2023-02-27,0
OPP_00371,ALC_0066,Medical Gas Mix,Prospect,642726,89,Hugo,2025-03-24,0
OPP_00372,ALC_0075,Oxygen,Prospect,313135,39,Lucas,2025-04-13,0
OPP_00373,ALC_0004,Hydrogen,Closed Lost,78616,54,Emma,2024-06-20,0
OPP_00374,ALC_0079,Nitrogen,Closed Won,92438,88,Lucas,2023-03-14,92438
OPP_00375,ALC_0134,Medical Gas Mix,Closed Won,243682,98,Lucas,2025-06-03,121841
OPP_00376,ALC_0118,Argon,Closed Won,145558,60,Emma,2023-05-09,145558
OPP_00377,ALC_0113,Medical Gas Mix,Closed Won,349868,56,Lucas,2024-08-21,174934
OPP_00378,ALC_0094,Argon,Prospect,257734,62,Emma,2025-04-21,0
OPP_00379,ALC_0062,Nitrogen,Proposal,63870,73,Hugo,2024-03-01,0
OPP_00380,ALC_0079,Argon,Closed Won,91694,47,Lucas,2024-10-26,91694
OPP_00381,ALC_0136,CO2,Qualified,242068,73,Emma,2024-11-24,0
OPP_00382,ALC_0026,CO2,Negotiation,311000,96,Nina,2023-05-05,0
OPP_00383,ALC_0044,CO2,Prospect,106407,98,Lucas,2023-03-08,0
OPP_00384,ALC_0133,Oxygen,Qualified,498960,16,Hugo,2023-01-06,0
OPP_00385,ALC_0070,Nitrogen,Proposal,484271,31,Emma,2024-09-28,0
OPP_00386,ALC_0118,Medical Gas Mix,Negotiation,72758,90,Lucas,2023-11-10,0
OPP_00387,ALC_0068,Medical Gas Mix,Negotiation,663746,91,Lucas,2023-11-22,0
OPP_00388,ALC_0019,Oxygen,Negotiation,426594,50,Lucas,2024-07-18,0
OPP_00389,ALC_0020,Argon,Prospect,724500,83,Hugo,2024-07-31,0
OPP_00390,ALC_0113,Oxygen,Prospect,59353,19,Emma,2025-04-05,0
OPP_00391,ALC_0140,Argon,Closed Won,186068,66,Nina,2024-05-20,186068
OPP_00392,ALC_0047,Argon,Negotiation,281175,16,Nina,2023-03-23,0
OPP_00393,ALC_0001,Hydrogen,Prospect,648432,59,Nina,2024-08-21,0
OPP_00394,ALC_0090,Medical Gas Mix,Closed Won,141964,61,Emma,2023-01-02,70982
OPP_00395,ALC_0142,CO2,Qualified,41683,42,Nina,2023-07-23,0
OPP_00396,ALC_0064,Argon,Proposal,119091,10,Hugo,2024-10-23,0
OPP_00397,ALC_0038,Hydrogen,Prospect,122797,62,Emma,2025-03-15,0
OPP_00398,ALC_0037,Medical Gas Mix,Closed Won,831668,69,Lucas,2024-02-08,415834
OPP_00399,ALC_0126,CO2,Negotiation,11587,43,Hugo,2023-04-13,0
OPP_00400,ALC_0139,Argon,Qualified,329934,13,Lucas,2024-06-19,0
OPP_00401,ALC_0100,Argon,Closed Won,298624,26,Nina,2024-01-03,298624
OPP_00402,ALC_0077,Oxygen,Proposal,234602,13,Hugo,2023-07-31,0
OPP_00403,ALC_0003,Oxygen,Qualified,156599,52,Emma,2024-07-30,0
OPP_00404,ALC_0134,Medical Gas Mix,Qualified,581426,99,Hugo,2023-07-28,0
OPP_00405,ALC_0010,CO2,Qualified,278295,13,Lucas,2025-02-01,0
OPP_00406,ALC_0005,Argon,Prospect,469310,10,Emma,2025-06-15,0
OPP_00407,ALC_0138,Medical Gas Mix,Negotiation,390492,80,Hugo,2023-04-27,0
OPP_00408,ALC_0130,Medical Gas Mix,Closed Won,99478,59,Hugo,2024-09-19,49739
OPP_00409,ALC_0013,Nitrogen,Proposal,37954,82,Hugo,2025-01-18,0
OPP_00410,ALC_0130,Oxygen,Qualified,248935,70,Hugo,2024-04-22,0
OPP_00411,ALC_0084,CO2,Prospect,114373,44,Emma,2023-04-15,0
OPP_00412,ALC_0065,Argon,Qualified,433519,17,Lucas,2024-05-09,0
OPP_00413,ALC_0063,Medical Gas Mix,Proposal,238200,33,Hugo,2025-02-09,0
OPP_00414,ALC_0101,Argon,Closed Won,491252,92,Emma,2023-02-15,491252
OPP_00415,ALC_0073,Nitrogen,Qualified,128728,45,Lucas,2025-04-02,0
OPP_00416,ALC_0017,CO2,Closed Won,1397352,59,Hugo,2023-11-27,465784
OPP_00417,ALC_0009,Medical Gas Mix,Closed Won,667864,52,Lucas,2023-08-04,333932
OPP_00418,ALC_0143,Argon,Proposal,76045,36,Lucas,2024-05-06,0
OPP_00419,ALC_0038,Oxygen,Closed Won,436058,41,Emma,2025-03-23,436058
OPP_00420,ALC_0094,Nitrogen,Negotiation,149972,87,Lucas,2025-04-24,0
OPP_00421,ALC_0095,CO2,Negotiation,395136,27,Emma,2024-03-24,0
OPP_00422,ALC_0049,Nitrogen,Proposal,347203,37,Hugo,2024-06-19,0
OPP_00423,ALC_0069,Oxygen,Proposal,6881,38,Lucas,2024-05-25,0
OPP_00424,ALC_0062,CO2,Qualified,431253,25,Lucas,2024-04-02,0
OPP_00425,ALC_0078,Nitrogen,Qualified,399846,56,Nina,2024-06-30,0
OPP_00426,ALC_0117,Hydrogen,Qualified,287933,68,Hugo,2024-06-19,0
OPP_00427,ALC_0120,Oxygen,Negotiation,393227,40,Hugo,2024-06-23,0
OPP_00428,ALC_0137,Oxygen,Prospect,93059,13,Nina,2024-04-28,0
OPP_00429,ALC_0076,Oxygen,Closed Lost,219566,46,Nina,2023-01-16,0
OPP_00430,ALC_0035,Hydrogen,Closed Won,313295,26,Emma,2024-07-24,313295
OPP_00431,ALC_0001,Hydrogen,Proposal,1341408,48,Emma,2023-08-31,0
OPP_00432,ALC_0040,Argon,Qualified,114388,57,Lucas,2023-07-26,0
OPP_00433,ALC_0064,Medical Gas Mix,Closed Won,406606,55,Lucas,2023-09-28,203303
OPP_00434,ALC_0150,Nitrogen,Closed Won,478573,99,Lucas,2025-01-30,478573
OPP_00435,ALC_0060,Argon,Closed Won,270406,57,Lucas,2025-02-17,270406
OPP_00436,ALC_0064,Nitrogen,Qualified,334125,48,Emma,2024-12-05,0
OPP_00437,ALC_0093,Medical Gas Mix,Proposal,776190,13,Hugo,2025-04-26,0
OPP_00438,ALC_0072,Hydrogen,Prospect,390243,39,Lucas,2024-12-30,0
OPP_00439,ALC_0011,Medical Gas Mix,Qualified,173944,39,Hugo,2023-04-25,0
OPP_00440,ALC_0105,Hydrogen,Closed Won,342629,31,Lucas,2024-08-02,342629
OPP_00441,ALC_0014,Medical Gas Mix,Closed Won,119444,84,Nina,2023-10-26,59722
OPP_00442,ALC_0060,Argon,Negotiation,356643,75,Lucas,2025-04-16,0
OPP_00443,ALC_0030,CO2,Closed Won,186890,21,Lucas,2024-04-27,186890
OPP_00444,ALC_0035,Argon,Negotiation,428148,45,Lucas,2024-02-01,0
OPP_00445,ALC_0005,Nitrogen,Proposal,274045,27,Emma,2024-01-29,0
OPP_00446,ALC_0083,Argon,Qualified,122473,99,Nina,2023-03-16,0
OPP_00447,ALC_0123,Oxygen,Closed Lost,497239,62,Lucas,2024-04-26,0
OPP_00448,ALC_0078,Nitrogen,Prospect,275741,80,Lucas,2023-04-13,0
OPP_00449,ALC_0062,Medical Gas Mix,Closed Lost,793550,10,Hugo,2023-10-24,0
OPP_00450,ALC_0132,Nitrogen,Closed Won,331053,67,Nina,2023-06-27,331053
OPP_00451,ALC_0089,CO2,Prospect,339535,99,Lucas,2023-08-03,0
OPP_00452,ALC_0042,Hydrogen,Negotiation,220286,96,Hugo,2023-11-11,0
OPP_00453,ALC_0089,Medical Gas Mix,Closed Won,812958,99,Hugo,2023-02-08,406479
OPP_00454,ALC_0146,Nitrogen,Negotiation,330437,15,Emma,2023-09-16,0
OPP_00455,ALC_0040,Medical Gas Mix,Closed Lost,497792,79,Hugo,2024-12-16,0
OPP_00456,ALC_0072,Medical Gas Mix,Closed Lost,323754,53,Lucas,2023-01-07,0
OPP_00457,ALC_0039,Medical Gas Mix,Proposal,979790,81,Emma,2023-02-18,0
OPP_00458,ALC_0104,Hydrogen,Proposal,16874,33,Emma,2024-06-21,0
OPP_00459,ALC_0014,Argon,Closed Lost,229137,95,Lucas,2023-06-10,0
OPP_00460,ALC_0032,Medical Gas Mix,Negotiation,707092,28,Nina,2025-05-18,0
OPP_00461,ALC_0125,Oxygen,Prospect,281223,27,Hugo,2023-06-25,0
OPP_00462,ALC_0097,CO2,Prospect,448066,39,Emma,2024-08-13,0
OPP_00463,ALC_0023,Hydrogen,Negotiation,339923,51,Nina,2023-01-02,0
OPP_00464,ALC_0063,Nitrogen,Closed Lost,301224,42,Lucas,2025-06-13,0
OPP_00465,ALC_0143,Hydrogen,Closed Won,407234,83,Hugo,2024-03-30,407234
OPP_00466,ALC_0145,Nitrogen,Negotiation,125606,21,Hugo,2024-10-05,0
OPP_00467,ALC_0053,Hydrogen,Prospect,447716,36,Emma,2023-10-03,0
OPP_00468,ALC_0104,Nitrogen,Qualified,125062,48,Hugo,2024-05-12,0
OPP_00469,ALC_0104,Medical Gas Mix,Closed Won,34200,18,Hugo,2024-09-20,17100
OPP_00470,ALC_0039,Argon,Qualified,324165,30,Hugo,2024-11-06,0
OPP_00471,ALC_0134,Nitrogen,Qualified,155872,85,Hugo,2025-03-10,0
OPP_00472,ALC_0067,Nitrogen,Prospect,395270,38,Lucas,2023-01-28,0
OPP_00473,ALC_0135,Oxygen,Negotiation,199472,42,Nina,2023-11-29,0
OPP_00474,ALC_0042,Nitrogen,Closed Lost,359590,71,Lucas,2023-01-01,0
OPP_00475,ALC_0015,Oxygen,Qualified,296581,24,Lucas,2023-07-07,0
OPP_00476,ALC_0111,CO2,Proposal,239196,11,Emma,2023-02-25,0
OPP_00477,ALC_0033,Medical Gas Mix,Negotiation,425218,61,Hugo,2024-06-30,0
OPP_00478,ALC_0038,Oxygen,Closed Lost,444891,53,Lucas,2023-04-22,0
OPP_00479,ALC_0097,Argon,Prospect,156014,63,Hugo,2025-03-08,0
OPP_00480,ALC_0033,Medical Gas Mix,Proposal,576012,27,Lucas,2023-11-06,0
OPP_00481,ALC_0086,Oxygen,Proposal,278813,12,Lucas,2023-02-05,0
OPP_00482,ALC_0066,Medical Gas Mix,Closed Won,776726,16,Emma,2024-03-14,388363
OPP_00483,ALC_0010,Medical Gas Mix,Proposal,379688,52,Nina,2024-12-29,0
OPP_00484,ALC_0005,Medical Gas Mix,Prospect,566120,91,Nina,2024-08-14,0
OPP_00485,ALC_0123,CO2,Negotiation,278022,47,Lucas,2025-04-05,0
OPP_00486,ALC_0074,Argon,Closed Won,270129,46,Emma,2024-08-17,270129
OPP_00487,ALC_0097,Hydrogen,Prospect,496121,67,Hugo,2024-07-30,0
OPP_00488,ALC_0118,Hydrogen,Closed Won,209720,42,Hugo,2023-11-21,209720
OPP_00489,ALC_0038,Oxygen,Qualified,46235,68,Lucas,2024-10-01,0
OPP_00490,ALC_0141,Medical Gas Mix,Negotiation,572150,20,Nina,2023-11-03,0
OPP_00491,ALC_0047,Oxygen,Proposal,97876,77,Emma,2024-06-17,0
OPP_00492,ALC_0109,CO2,Closed Won,16008,91,Nina,2024-12-28,5336
OPP_00493,ALC_0015,CO2,Proposal,310077,77,Hugo,2024-09-10,0
OPP_00494,ALC_0136,Nitrogen,Closed Won,483115,97,Nina,2023-04-19,483115
OPP_00495,ALC_0005,CO2,Closed Won,312680,31,Hugo,2024-01-07,312680
OPP_00496,ALC_0047,Nitrogen,Negotiation,74504,75,Emma,2023-12-23,0
OPP_00497,ALC_0068,Argon,Closed Won,104214,53,Emma,2023-06-30,104214
OPP_00498,ALC_0076,Oxygen,Closed Won,187220,15,Lucas,2023-12-22,187220
OPP_00499,ALC_0130,Argon,Prospect,118936,51,Lucas,2024-11-06,0
OPP_00500,ALC_0095,CO2,Proposal,21279,34,Nina,2023-03-09,0
OPP_00501,ALC_0115,Argon,Closed Lost,204737,66,Emma,2023-10-19,0
OPP_00502,ALC_0036,Argon,Prospect,108751,94,Emma,2024-11-22,0
OPP_00503,ALC_0026,Argon,Closed Won,371577,64,Lucas,2023-06-30,371577
OPP_00504,ALC_0043,CO2,Closed Lost,76386,25,Hugo,2024-04-10,0
OPP_00505,ALC_0027,Medical Gas Mix,Prospect,182248,23,Nina,2024-03-09,0
OPP_00506,ALC_0069,Argon,Negotiation,372894,48,Nina,2024-04-08,0
OPP_00507,ALC_0148,Nitrogen,Proposal,344629,37,Lucas,2024-11-11,0
OPP_00508,ALC_0011,CO2,Negotiation,341199,60,Emma,2024-06-17,0
OPP_00509,ALC_0074,Argon,Prospect,96911,58,Lucas,2023-03-07,0
OPP_00510,ALC_0104,Medical Gas Mix,Prospect,731524,18,Lucas,2023-01-21,0
OPP_00511,ALC_0038,CO2,Negotiation,475489,67,Lucas,2024-09-03,0
OPP_00512,ALC_0134,Hydrogen,Closed Won,202742,54,Lucas,2024-01-19,202742
OPP_00513,ALC_0023,Medical Gas Mix,Closed Won,949380,31,Hugo,2025-03-22,474690
OPP_00514,ALC_0047,Nitrogen,Proposal,452244,41,Hugo,2024-09-06,0
OPP_00515,ALC_0090,Argon,Prospect,226094,78,Emma,2024-07-12,0
OPP_00516,ALC_0046,Hydrogen,Negotiation,381036,96,Lucas,2023-02-08,0
OPP_00517,ALC_0107,Hydrogen,Qualified,489848,78,Hugo,2023-10-12,0
OPP_00518,ALC_0140,CO2,Closed Lost,242723,51,Emma,2025-04-01,0
OPP_00519,ALC_0141,Hydrogen,Closed Won,338272,62,Lucas,2024-08-24,338272
OPP_00520,ALC_0104,Nitrogen,Closed Won,416324,68,Nina,2024-08-19,416324
OPP_00521,ALC_0111,Nitrogen,Closed Lost,319639,83,Hugo,2025-02-23,0
OPP_00522,ALC_0104,Oxygen,Prospect,87806,48,Emma,2023-12-02,0
OPP_00523,ALC_0060,Nitrogen,Closed Won,360329,24,Nina,2023-07-07,360329
OPP_00524,ALC_0100,Medical Gas Mix,Qualified,425210,80,Lucas,2024-11-01,0
OPP_00525,ALC_0068,Hydrogen,Closed Lost,235097,38,Lucas,2023-08-31,0
OPP_00526,ALC_0133,Nitrogen,Qualified,455046,12,Lucas,2023-03-14,0
OPP_00527,ALC_0120,CO2,Closed Won,472856,92,Hugo,2024-04-23,472856
OPP_00528,ALC_0037,Oxygen,Closed Won,450725,19,Emma,2024-07-14,450725
OPP_00529,ALC_0072,Hydrogen,Prospect,202478,38,Nina,2023-04-11,0
OPP_00530,ALC_0127,Oxygen,Proposal,492436,88,Emma,2024-05-28,0
OPP_00531,ALC_0106,Hydrogen,Closed Won,175591,44,Hugo,2025-01-25,175591
OPP_00532,ALC_0092,CO2,Proposal,316793,15,Emma,2023-06-25,0
OPP_00533,ALC_0031,Oxygen,Qualified,170596,21,Hugo,2023-08-26,0
OPP_00534,ALC_0122,Argon,Qualified,494709,47,Lucas,2023-02-28,0
OPP_00535,ALC_0137,Medical Gas Mix,Prospect,339914,86,Nina,2025-05-14,0
OPP_00536,ALC_0051,Medical Gas Mix,Closed Won,885170,28,Lucas,2023-04-09,442585
OPP_00537,ALC_0029,Hydrogen,Negotiation,237204,76,Emma,2025-05-20,0
OPP_00538,ALC_0040,Argon,Prospect,362546,17,Lucas,2024-05-09,0
OPP_00539,ALC_0041,Oxygen,Proposal,893460,17,Nina,2024-05-28,0
OPP_00540,ALC_0011,Argon,Proposal,331237,93,Lucas,2025-01-24,0
OPP_00541,ALC_0001,Argon,Qualified,1337940,56,Nina,2023-10-24,0
OPP_00542,ALC_0046,Oxygen,Proposal,186871,13,Nina,2023-07-30,0
OPP_00543,ALC_0101,CO2,Qualified,346558,60,Lucas,2023-05-03,0
OPP_00544,ALC_0149,Argon,Qualified,360239,94,Hugo,2023-08-17,0
OPP_00545,ALC_0090,Argon,Closed Won,248154,76,Emma,2024-08-16,248154
OPP_00546,ALC_0110,CO2,Qualified,77307,54,Hugo,2024-10-17,0
OPP_00547,ALC_0057,Argon,Negotiation,480278,17,Hugo,2024-01-23,0
OPP_00548,ALC_0001,Argon,Negotiation,1087728,96,Lucas,2023-05-20,0
OPP_00549,ALC_0063,Argon,Negotiation,897201,25,Emma,2024-06-24,0
OPP_00550,ALC_0055,Medical Gas Mix,Negotiation,769186,86,Emma,2024-01-26,0
OPP_00551,ALC_0115,Nitrogen,Proposal,499955,76,Hugo,2023-09-27,0
OPP_00552,ALC_0143,CO2,Closed Won,240998,18,Lucas,2025-01-28,240998
OPP_00553,ALC_0149,Argon,Negotiation,476604,69,Emma,2023-01-12,0
OPP_00554,ALC_0053,Medical Gas Mix,Proposal,629436,87,Hugo,2025-05-16,0
OPP_00555,ALC_0137,CO2,Closed Won,441607,86,Emma,2024-01-24,441607
OPP_00556,ALC_0057,Hydrogen,Negotiation,126757,80,Lucas,2023-12-03,0
OPP_00557,ALC_0117,Hydrogen,Qualified,58664,24,Lucas,2024-05-20,0
OPP_00558,ALC_0035,Argon,Qualified,334528,80,Lucas,2023-04-16,0
OPP_00559,ALC_0063,Medical Gas Mix,Qualified,1789026,50,Emma,2023-02-01,0
OPP_00560,ALC_0025,Medical Gas Mix,Closed Won,343072,31,Nina,2023-03-15,171536
OPP_00561,ALC_0090,CO2,Closed Won,301629,33,Emma,2023-06-20,301629
OPP_00562,ALC_0075,CO2,Closed Lost,264438,53,Nina,2025-04-28,0
OPP_00563,ALC_0038,Medical Gas Mix,Negotiation,311056,10,Lucas,2023-03-10,0
OPP_00564,ALC_0130,CO2,Proposal,473011,19,Hugo,2025-03-23,0
OPP_00565,ALC_0135,Medical Gas Mix,Prospect,605396,89,Nina,2023-12-28,0
OPP_00566,ALC_0091,Nitrogen,Negotiation,314066,81,Lucas,2024-10-10,0
OPP_00567,ALC_0017,Medical Gas Mix,Negotiation,1683318,65,Lucas,2024-03-08,0
OPP_00568,ALC_0128,Hydrogen,Closed Lost,205399,98,Nina,2023-04-10,0
OPP_00569,ALC_0108,CO2,Qualified,227472,59,Hugo,2024-10-19,0
OPP_00570,ALC_0025,Medical Gas Mix,Proposal,607566,21,Lucas,2023-01-09,0
OPP_00571,ALC_0088,Medical Gas Mix,Negotiation,472364,98,Nina,2024-07-27,0
OPP_00572,ALC_0029,CO2,Negotiation,461843,90,Hugo,2024-11-27,0
OPP_00573,ALC_0063,Nitrogen,Negotiation,1444920,69,Hugo,2023-01-29,0
OPP_00574,ALC_0150,Nitrogen,Closed Won,286836,35,Lucas,2025-06-11,286836
OPP_00575,ALC_0114,CO2,Qualified,94037,87,Emma,2023-04-24,0
OPP_00576,ALC_0049,Oxygen,Closed Won,214912,50,Emma,2024-04-06,214912
OPP_00577,ALC_0081,CO2,Negotiation,190272,45,Lucas,2023-05-23,0
OPP_00578,ALC_0084,CO2,Closed Won,229135,32,Hugo,2024-01-25,229135
OPP_00579,ALC_0105,Nitrogen,Closed Won,193487,52,Lucas,2024-09-23,193487
OPP_00580,ALC_0148,Nitrogen,Qualified,23074,15,Nina,2024-11-12,0
OPP_00581,ALC_0118,CO2,Qualified,151621,78,Emma,2023-06-06,0
OPP_00582,ALC_0086,CO2,Closed Lost,297107,52,Nina,2023-12-01,0
OPP_00583,ALC_0063,CO2,Proposal,1469016,34,Lucas,2025-05-10,0
OPP_00584,ALC_0104,Nitrogen,Closed Lost,232434,27,Lucas,2023-09-17,0
OPP_00585,ALC_0049,CO2,Qualified,237679,71,Hugo,2023-03-23,0
OPP_00586,ALC_0071,CO2,Negotiation,57265,22,Hugo,2025-01-23,0
OPP_00587,ALC_0001,Argon,Closed Won,63183,52,Hugo,2024-03-16,21061
OPP_00588,ALC_0141,Oxygen,Closed Lost,456442,87,Nina,2023-06-21,0
OPP_00589,ALC_0123,Hydrogen,Qualified,164882,37,Hugo,2023-08-19,0
OPP_00590,ALC_0062,Oxygen,Closed Won,458222,27,Lucas,2024-12-20,458222
OPP_00591,ALC_0032,Argon,Proposal,118502,68,Hugo,2023-03-16,0
OPP_00592,ALC_0029,Hydrogen,Prospect,289944,69,Emma,2023-09-27,0
OPP_00593,ALC_0049,CO2,Negotiation,383336,72,Hugo,2025-06-17,0
OPP_00594,ALC_0030,Argon,Negotiation,261505,66,Nina,2024-09-17,0
OPP_00595,ALC_0144,CO2,Closed Lost,336684,60,Emma,2023-03-03,0
OPP_00596,ALC_0019,Nitrogen,Proposal,211548,65,Emma,2025-05-23,0
OPP_00597,ALC_0018,Medical Gas Mix,Qualified,935352,36,Emma,2023-11-16,0
OPP_00598,ALC_0001,Argon,Prospect,1367949,41,Nina,2023-04-12,0
OPP_00599,ALC_0078,Nitrogen,Proposal,295198,18,Lucas,2024-03-04,0
OPP_00600,ALC_0115,Argon,Qualified,473535,93,Hugo,2025-05-23,0
OPP_00601,ALC_0113,Argon,Closed Won,181469,77,Emma,2024-12-22,181469
OPP_00602,ALC_0114,Nitrogen,Proposal,18233,55,Emma,2023-09-12,0
OPP_00603,ALC_0063,Hydrogen,Closed Lost,741831,76,Emma,2024-06-15,0
OPP_00604,ALC_0132,Oxygen,Closed Lost,488236,35,Lucas,2024-07-23,0
OPP_00605,ALC_0129,CO2,Negotiation,161140,17,Lucas,2023-04-22,0
OPP_00606,ALC_0008,Argon,Closed Lost,332871,15,Nina,2023-11-09,0
OPP_00607,ALC_0055,CO2,Closed Won,357754,89,Lucas,2024-04-05,357754
OPP_00608,ALC_0103,Medical Gas Mix,Proposal,675194,33,Hugo,2024-12-08,0
OPP_00609,ALC_0131,Nitrogen,Qualified,109135,57,Nina,2025-06-05,0
OPP_00610,ALC_0032,CO2,Proposal,424048,54,Nina,2024-04-06,0
OPP_00611,ALC_0010,Nitrogen,Negotiation,375608,22,Hugo,2025-05-14,0
OPP_00612,ALC_0110,CO2,Closed Won,222314,78,Hugo,2023-04-02,222314
OPP_00613,ALC_0124,Oxygen,Proposal,18682,34,Hugo,2023-02-21,0
OPP_00614,ALC_0087,Oxygen,Closed Won,490514,29,Nina,2025-03-15,490514
OPP_00615,ALC_0055,Oxygen,Negotiation,159455,91,Nina,2024-06-03,0
OPP_00616,ALC_0032,Oxygen,Prospect,325304,91,Nina,2025-03-22,0
OPP_00617,ALC_0135,Oxygen,Closed Lost,229404,75,Hugo,2023-04-08,0
OPP_00618,ALC_0093,Oxygen,Proposal,290810,83,Hugo,2023-08-24,0
OPP_00619,ALC_0008,Nitrogen,Proposal,325961,54,Emma,2024-01-09,0
OPP_00620,ALC_0065,Argon,Negotiation,96198,56,Lucas,2024-08-03,0
OPP_00621,ALC_0057,CO2,Prospect,432858,72,Emma,2024-07-10,0
OPP_00622,ALC_0067,Oxygen,Negotiation,46830,85,Hugo,2024-10-10,0
OPP_00623,ALC_0072,Nitrogen,Proposal,15234,86,Nina,2023-08-22,0
OPP_00624,ALC_0054,Nitrogen,Proposal,62616,64,Hugo,2023-02-01,0
OPP_00625,ALC_0067,Nitrogen,Closed Lost,276365,84,Lucas,2023-10-16,0
OPP_00626,ALC_0051,Argon,Proposal,147482,28,Emma,2024-09-29,0
OPP_00627,ALC_0097,CO2,Qualified,216127,44,Emma,2024-08-01,0
OPP_00628,ALC_0092,Argon,Proposal,197485,62,Nina,2024-06-25,0
OPP_00629,ALC_0008,Hydrogen,Closed Lost,6051,35,Emma,2023-04-24,0
OPP_00630,ALC_0035,Nitrogen,Qualified,377673,23,Emma,2023-07-23,0
OPP_00631,ALC_0096,Hydrogen,Qualified,473517,54,Hugo,2023-01-29,0
OPP_00632,ALC_0088,Medical Gas Mix,Prospect,163836,53,Emma,2024-10-04,0
OPP_00633,ALC_0078,Oxygen,Prospect,83116,97,Emma,2024-04-18,0
OPP_00634,ALC_0032,Oxygen,Closed Won,389370,74,Emma,2024-11-27,389370
OPP_00635,ALC_0120,Argon,Closed Won,454779,60,Nina,2023-09-10,454779
OPP_00636,ALC_0046,CO2,Proposal,233931,52,Nina,2025-03-08,0
OPP_00637,ALC_0144,Hydrogen,Negotiation,935703,95,Hugo,2024-01-21,0
OPP_00638,ALC_0142,CO2,Proposal,388152,32,Emma,2023-03-03,0
OPP_00639,ALC_0055,Argon,Closed Lost,213547,65,Nina,2024-05-29,0
OPP_00640,ALC_0007,Oxygen,Closed Lost,449473,28,Nina,2024-03-05,0
OPP_00641,ALC_0074,CO2,Proposal,231572,91,Hugo,2024-08-02,0
OPP_00642,ALC_0007,CO2,Closed Won,136379,85,Lucas,2024-06-20,136379
OPP_00643,ALC_0085,Oxygen,Closed Won,61889,64,Emma,2024-11-21,61889
OPP_00644,ALC_0147,Hydrogen,Qualified,467111,69,Nina,2023-05-21,0
OPP_00645,ALC_0112,Oxygen,Qualified,231256,68,Hugo,2025-01-12,0
OPP_00646,ALC_0125,CO2,Proposal,303088,42,Hugo,2023-10-27,0
OPP_00647,ALC_0147,Hydrogen,Closed Won,366699,28,Hugo,2024-11-05,366699
OPP_00648,ALC_0036,Hydrogen,Closed Lost,43134,37,Nina,2023-11-07,0
OPP_00649,ALC_0029,Oxygen,Closed Won,425539,61,Emma,2024-04-15,425539
OPP_00650,ALC_0082,CO2,Closed Won,207834,58,Lucas,2024-01-28,207834
OPP_00651,ALC_0002,Argon,Negotiation,485441,46,Emma,2024-10-03,0
OPP_00652,ALC_0129,CO2,Closed Won,232579,35,Hugo,2024-03-20,232579
OPP_00653,ALC_0047,Nitrogen,Closed Won,30954,49,Hugo,2025-01-27,30954
OPP_00654,ALC_0148,Medical Gas Mix,Proposal,382186,89,Lucas,2025-03-19,0
OPP_00655,ALC_0011,Argon,Negotiation,357103,47,Emma,2023-06-21,0
OPP_00656,ALC_0130,Hydrogen,Closed Won,231999,86,Hugo,2024-07-29,231999
OPP_00657,ALC_0119,Argon,Prospect,215938,96,Hugo,2023-01-31,0
OPP_00658,ALC_0140,Hydrogen,Closed Won,206499,63,Emma,2023-02-16,206499
OPP_00659,ALC_0020,Hydrogen,Qualified,816408,31,Hugo,2023-05-10,0
OPP_00660,ALC_0005,Argon,Proposal,6961,25,Emma,2023-12-18,0
OPP_00661,ALC_0037,Hydrogen,Closed Won,17497,37,Hugo,2025-04-24,17497
OPP_00662,ALC_0137,Hydrogen,Qualified,430767,44,Emma,2024-09-13,0
OPP_00663,ALC_0053,Nitrogen,Qualified,474600,69,Lucas,2024-08-03,0
OPP_00664,ALC_0099,CO2,Proposal,261446,54,Hugo,2023-02-27,0
OPP_00665,ALC_0086,CO2,Closed Won,453971,55,Lucas,2023-04-16,453971
OPP_00666,ALC_0108,Medical Gas Mix,Prospect,560798,81,Hugo,2025-03-22,0
OPP_00667,ALC_0024,Medical Gas Mix,Closed Lost,281278,64,Hugo,2023-11-26,0
OPP_00668,ALC_0081,Nitrogen,Qualified,315991,95,Nina,2025-02-06,0
OPP_00669,ALC_0120,Medical Gas Mix,Closed Lost,481778,94,Emma,2025-04-03,0
OPP_00670,ALC_0059,Argon,Closed Lost,184075,35,Lucas,2024-11-13,0
OPP_00671,ALC_0128,Oxygen,Proposal,25389,94,Lucas,2024-01-18,0
OPP_00672,ALC_0114,Oxygen,Proposal,180595,34,Lucas,2023-06-11,0
OPP_00673,ALC_0115,Oxygen,Proposal,390946,74,Emma,2023-10-13,0
OPP_00674,ALC_0014,Nitrogen,Negotiation,328720,15,Nina,2023-03-12,0
OPP_00675,ALC_0009,Nitrogen,Prospect,311063,32,Lucas,2025-02-05,0
OPP_00676,ALC_0040,Hydrogen,Prospect,218175,73,Emma,2024-03-29,0
OPP_00677,ALC_0025,Oxygen,Prospect,8358,96,Hugo,2025-06-04,0
OPP_00678,ALC_0103,Argon,Proposal,355679,52,Lucas,2024-07-20,0
OPP_00679,ALC_0022,Medical Gas Mix,Qualified,515114,32,Lucas,2025-04-14,0
OPP_00680,ALC_0004,Argon,Negotiation,212596,39,Nina,2024-02-01,0
OPP_00681,ALC_0029,Medical Gas Mix,Closed Lost,518976,86,Lucas,2024-05-29,0
OPP_00682,ALC_0109,Oxygen,Proposal,332946,27,Lucas,2023-01-26,0
OPP_00683,ALC_0098,Oxygen,Negotiation,233129,96,Hugo,2023-11-09,0
OPP_00684,ALC_0037,Oxygen,Proposal,272842,88,Emma,2023-05-06,0
OPP_00685,ALC_0075,Nitrogen,Closed Won,333953,30,Emma,2024-02-12,333953
OPP_00686,ALC_0070,Medical Gas Mix,Closed Lost,196158,66,Nina,2024-07-18,0
OPP_00687,ALC_0146,Nitrogen,Closed Won,60805,32,Hugo,2023-07-17,60805
OPP_00688,ALC_0128,Nitrogen,Closed Lost,167421,54,Emma,2025-03-21,0
OPP_00689,ALC_0085,CO2,Prospect,212849,53,Hugo,2023-07-07,0
OPP_00690,ALC_0042,Argon,Closed Won,448464,91,Emma,2024-11-28,448464
OPP_00691,ALC_0100,Argon,Closed Won,342177,97,Hugo,2025-03-27,342177
OPP_00692,ALC_0041,Hydrogen,Qualified,730449,56,Nina,2025-03-20,0
OPP_00693,ALC_0034,Nitrogen,Closed Lost,365383,49,Lucas,2024-12-16,0
OPP_00694,ALC_0017,Medical Gas Mix,Prospect,2385306,60,Nina,2024-04-28,0
OPP_00695,ALC_0122,CO2,Negotiation,49041,51,Emma,2024-03-25,0
OPP_00696,ALC_0076,CO2,Qualified,299098,16,Nina,2024-06-06,0
OPP_00697,ALC_0087,Argon,Proposal,275146,59,Lucas,2025-05-20,0
OPP_00698,ALC_0117,Nitrogen,Closed Won,336927,57,Nina,2023-12-20,336927
OPP_00699,ALC_0106,Hydrogen,Negotiation,112524,93,Emma,2024-10-19,0
OPP_00700,ALC_0086,Nitrogen,Proposal,223306,15,Emma,2024-08-19,0
OPP_00701,ALC_0027,Oxygen,Qualified,392001,18,Nina,2023-04-10,0
OPP_00702,ALC_0057,Nitrogen,Closed Won,24738,66,Lucas,2024-09-07,24738
OPP_00703,ALC_0031,Oxygen,Prospect,277847,40,Nina,2024-07-11,0
OPP_00704,ALC_0134,Oxygen,Proposal,118776,30,Lucas,2024-07-09,0
OPP_00705,ALC_0098,Hydrogen,Closed Lost,185494,99,Hugo,2023-10-05,0
OPP_00706,ALC_0012,Medical Gas Mix,Closed Won,962644,49,Lucas,2024-11-23,481322
OPP_00707,ALC_0053,Argon,Proposal,197971,54,Hugo,2024-11-29,0
OPP_00708,ALC_0138,Nitrogen,Closed Won,410608,86,Nina,2024-09-17,410608
OPP_00709,ALC_0145,Oxygen,Closed Won,311868,58,Lucas,2024-05-05,311868
OPP_00710,ALC_0122,Nitrogen,Closed Won,299443,96,Hugo,2023-09-12,299443
OPP_00711,ALC_0046,Medical Gas Mix,Proposal,565570,29,Hugo,2024-01-16,0
OPP_00712,ALC_0064,Argon,Qualified,346678,26,Hugo,2025-06-10,0
OPP_00713,ALC_0130,Medical Gas Mix,Qualified,546898,37,Emma,2024-06-25,0
OPP_00714,ALC_0054,Argon,Qualified,234334,50,Nina,2023-09-21,0
OPP_00715,ALC_0107,CO2,Negotiation,285926,75,Hugo,2024-09-01,0
OPP_00716,ALC_0051,Argon,Prospect,345401,34,Lucas,2025-04-04,0
OPP_00717,ALC_0036,Hydrogen,Negotiation,241371,67,Hugo,2025-05-28,0
OPP_00718,ALC_0115,Medical Gas Mix,Proposal,165926,50,Emma,2023-11-25,0
OPP_00719,ALC_0026,Oxygen,Qualified,126987,15,Nina,2023-04-25,0
OPP_00720,ALC_0029,CO2,Closed Won,156638,84,Emma,2023-10-03,156638
OPP_00721,ALC_0149,Hydrogen,Proposal,129591,47,Emma,2024-05-02,0
OPP_00722,ALC_0011,Nitrogen,Prospect,72766,15,Emma,2023-10-08,0
OPP_00723,ALC_0040,Medical Gas Mix,Closed Won,23022,54,Lucas,2023-10-02,11511
OPP_00724,ALC_0011,Oxygen,Prospect,119816,84,Nina,2025-02-11,0
OPP_00725,ALC_0113,Argon,Closed Won,254432,23,Nina,2025-04-22,254432
OPP_00726,ALC_0039,Oxygen,Closed Won,424393,75,Lucas,2024-12-19,424393
OPP_00727,ALC_0054,Nitrogen,Proposal,271909,49,Nina,2025-06-14,0
OPP_00728,ALC_0098,CO2,Closed Won,156426,12,Emma,2023-11-24,156426
OPP_00729,ALC_0055,CO2,Proposal,291073,33,Nina,2023-07-30,0
OPP_00730,ALC_0111,Medical Gas Mix,Proposal,329784,28,Lucas,2024-12-27,0
OPP_00731,ALC_0150,CO2,Prospect,116576,27,Emma,2024-07-05,0
OPP_00732,ALC_0069,Medical Gas Mix,Qualified,855478,73,Lucas,2023-01-26,0
OPP_00733,ALC_0056,Medical Gas Mix,Closed Lost,152176,97,Hugo,2023-01-27,0
OPP_00734,ALC_0033,Medical Gas Mix,Proposal,928758,44,Emma,2024-12-02,0
OPP_00735,ALC_0036,Argon,Proposal,82525,71,Emma,2023-03-24,0
OPP_00736,ALC_0148,Hydrogen,Proposal,18780,10,Nina,2025-06-14,0
OPP_00737,ALC_0081,Medical Gas Mix,Negotiation,547466,34,Emma,2024-11-12,0
OPP_00738,ALC_0109,Medical Gas Mix,Prospect,2598168,54,Lucas,2024-02-17,0
OPP_00739,ALC_0073,Hydrogen,Proposal,360808,58,Nina,2023-06-16,0
OPP_00740,ALC_0040,Oxygen,Closed Won,444155,98,Hugo,2024-11-30,444155
OPP_00741,ALC_0017,Medical Gas Mix,Qualified,2698254,25,Lucas,2023-06-18,0
OPP_00742,ALC_0129,Argon,Qualified,109188,28,Hugo,2025-03-11,0
OPP_00743,ALC_0061,CO2,Prospect,98326,32,Hugo,2023-08-17,0
OPP_00744,ALC_0104,CO2,Proposal,308097,92,Hugo,2024-08-31,0
OPP_00745,ALC_0042,Nitrogen,Closed Won,70785,34,Emma,2024-01-02,70785
OPP_00746,ALC_0025,Nitrogen,Prospect,24309,25,Lucas,2024-06-11,0
OPP_00747,ALC_0039,CO2,Qualified,59195,63,Lucas,2025-03-01,0
OPP_00748,ALC_0035,CO2,Qualified,30901,82,Emma,2024-10-08,0
OPP_00749,ALC_0131,Argon,Closed Won,159648,10,Nina,2024-06-21,159648
OPP_00750,ALC_0108,Hydrogen,Negotiation,429724,51,Hugo,2025-05-13,0
OPP_00751,ALC_0102,Nitrogen,Proposal,472927,28,Lucas,2024-06-07,0
OPP_00752,ALC_0098,Hydrogen,Closed Won,30464,43,Emma,2023-03-13,30464
OPP_00753,ALC_0012,Argon,Negotiation,458497,89,Hugo,2024-10-06,0
OPP_00754,ALC_0019,CO2,Closed Won,283404,64,Nina,2023-04-16,283404
OPP_00755,ALC_0101,Medical Gas Mix,Closed Won,259994,27,Nina,2025-01-01,129997
OPP_00756,ALC_0044,Hydrogen,Qualified,302584,43,Hugo,2025-06-03,0
OPP_00757,ALC_0049,CO2,Qualified,362226,98,Nina,2024-11-19,0
OPP_00758,ALC_0017,CO2,Prospect,1118181,54,Lucas,2023-10-09,0
OPP_00759,ALC_0074,Oxygen,Qualified,61683,15,Lucas,2023-05-13,0
OPP_00760,ALC_0057,Hydrogen,Closed Lost,391350,30,Lucas,2024-06-17,0
OPP_00761,ALC_0055,Medical Gas Mix,Proposal,355004,79,Nina,2023-09-26,0
OPP_00762,ALC_0047,Hydrogen,Qualified,400203,57,Lucas,2024-02-16,0
OPP_00763,ALC_0012,CO2,Closed Won,161177,48,Emma,2024-11-03,161177
OPP_00764,ALC_0062,Medical Gas Mix,Proposal,166968,40,Lucas,2024-09-10,0
OPP_00765,ALC_0080,Argon,Prospect,764457,19,Lucas,2025-03-01,0
OPP_00766,ALC_0083,Oxygen,Proposal,411242,39,Nina,2025-05-14,0
OPP_00767,ALC_0008,CO2,Proposal,335453,27,Lucas,2025-01-16,0
OPP_00768,ALC_0149,Nitrogen,Closed Won,313071,69,Hugo,2023-01-18,313071
OPP_00769,ALC_0081,Nitrogen,Prospect,211486,97,Emma,2025-01-23,0
OPP_00770,ALC_0118,Oxygen,Qualified,455751,82,Nina,2023-04-27,0
OPP_00771,ALC_0025,Argon,Proposal,310090,24,Emma,2025-03-08,0
OPP_00772,ALC_0089,CO2,Qualified,393647,13,Hugo,2025-03-04,0
OPP_00773,ALC_0012,Hydrogen,Negotiation,454777,72,Nina,2023-05-24,0
OPP_00774,ALC_0143,Oxygen,Proposal,146449,49,Nina,2024-12-17,0
OPP_00775,ALC_0059,Argon,Proposal,58592,18,Lucas,2024-07-04,0
OPP_00776,ALC_0109,Hydrogen,Closed Lost,430257,18,Emma,2024-10-27,0
OPP_00777,ALC_0026,Nitrogen,Negotiation,300920,35,Hugo,2024-11-18,0
OPP_00778,ALC_0047,Nitrogen,Prospect,401999,13,Hugo,2025-01-22,0
OPP_00779,ALC_0032,Hydrogen,Negotiation,60798,90,Nina,2024-02-26,0
OPP_00780,ALC_0010,Oxygen,Closed Won,140370,25,Lucas,2025-06-16,140370
OPP_00781,ALC_0016,Nitrogen,Closed Won,337348,24,Nina,2024-01-04,337348
OPP_00782,ALC_0145,CO2,Qualified,353351,61,Nina,2024-10-07,0
OPP_00783,ALC_0026,Medical Gas Mix,Closed Lost,735000,78,Nina,2024-07-11,0
OPP_00784,ALC_0086,Hydrogen,Proposal,453377,14,Nina,2023-02-19,0
OPP_00785,ALC_0135,Hydrogen,Qualified,327796,29,Hugo,2024-11-08,0
OPP_00786,ALC_0014,Nitrogen,Qualified,432700,88,Hugo,2023-04-16,0
OPP_00787,ALC_0079,Oxygen,Prospect,496830,27,Nina,2023-08-04,0
OPP_00788,ALC_0117,CO2,Closed Won,396716,11,Nina,2024-10-19,396716
OPP_00789,ALC_0007,Oxygen,Prospect,248767,22,Lucas,2024-02-29,0
OPP_00790,ALC_0137,Argon,Prospect,25922,13,Nina,2023-03-13,0
OPP_00791,ALC_0115,Argon,Closed Won,432244,51,Hugo,2025-04-21,432244
OPP_00792,ALC_0072,Medical Gas Mix,Qualified,837064,83,Emma,2025-02-23,0
OPP_00793,ALC_0059,Nitrogen,Prospect,344140,70,Hugo,2025-01-28,0
OPP_00794,ALC_0082,Nitrogen,Prospect,415184,17,Lucas,2024-03-21,0
OPP_00795,ALC_0116,Nitrogen,Prospect,297410,76,Hugo,2023-07-05,0
OPP_00796,ALC_0146,Medical Gas Mix,Qualified,463634,72,Emma,2023-03-11,0
OPP_00797,ALC_0103,Argon,Negotiation,422216,18,Nina,2023-05-30,0
OPP_00798,ALC_0017,Oxygen,Qualified,1236681,20,Emma,2023-09-03,0
OPP_00799,ALC_0014,Medical Gas Mix,Prospect,15732,51,Nina,2025-02-12,0
OPP_00800,ALC_0108,Medical Gas Mix,Closed Won,235338,22,Nina,2024-06-21,117669
OPP_00801,ALC_0045,Oxygen,Negotiation,273042,45,Hugo,2024-10-13,0
OPP_00802,ALC_0098,Nitrogen,Proposal,285539,22,Hugo,2023-04-09,0
OPP_00803,ALC_0131,CO2,Proposal,175091,21,Hugo,2023-10-05,0
OPP_00804,ALC_0037,Oxygen,Qualified,271150,46,Lucas,2024-07-16,0
OPP_00805,ALC_0108,Argon,Proposal,170465,83,Hugo,2024-10-24,0
OPP_00806,ALC_0039,Hydrogen,Proposal,278100,82,Lucas,2024-03-30,0
OPP_00807,ALC_0015,Hydrogen,Proposal,448258,61,Hugo,2023-04-14,0
OPP_00808,ALC_0120,Medical Gas Mix,Closed Lost,988830,80,Nina,2024-08-23,0
OPP_00809,ALC_0004,Hydrogen,Prospect,404294,11,Lucas,2024-10-14,0
OPP_00810,ALC_0093,CO2,Closed Won,427847,65,Emma,2024-12-25,427847
OPP_00811,ALC_0141,Nitrogen,Prospect,362820,69,Lucas,2023-08-21,0
OPP_00812,ALC_0016,Argon,Closed Won,126724,32,Lucas,2024-01-29,126724
OPP_00813,ALC_0108,CO2,Negotiation,67901,49,Emma,2024-05-15,0
OPP_00814,ALC_0126,Argon,Closed Won,374371,73,Lucas,2024-11-25,374371
OPP_00815,ALC_0055,Argon,Prospect,205569,94,Nina,2023-09-08,0
OPP_00816,ALC_0034,Nitrogen,Negotiation,493029,32,Hugo,2024-06-04,0
OPP_00817,ALC_0013,Medical Gas Mix,Proposal,244384,38,Emma,2023-03-20,0
OPP_00818,ALC_0141,Hydrogen,Closed Won,177646,87,Hugo,2023-02-21,177646
OPP_00819,ALC_0018,Nitrogen,Proposal,298561,99,Nina,2025-06-16,0
OPP_00820,ALC_0096,CO2,Proposal,355164,60,Emma,2025-02-19,0
OPP_00821,ALC_0123,Medical Gas Mix,Proposal,701566,78,Hugo,2023-08-14,0
OPP_00822,ALC_0039,CO2,Qualified,463222,98,Hugo,2023-02-20,0
OPP_00823,ALC_0046,Medical Gas Mix,Proposal,199762,40,Nina,2023-07-05,0
OPP_00824,ALC_0029,CO2,Prospect,247934,59,Hugo,2023-02-03,0
OPP_00825,ALC_0062,Nitrogen,Closed Lost,437670,29,Nina,2025-03-13,0
OPP_00826,ALC_0016,Medical Gas Mix,Closed Won,275318,64,Lucas,2025-01-11,137659
OPP_00827,ALC_0121,Medical Gas Mix,Closed Lost,253376,90,Nina,2023-05-11,0
OPP_00828,ALC_0010,Argon,Qualified,120584,11,Lucas,2024-09-23,0
OPP_00829,ALC_0103,Argon,Closed Won,190782,34,Emma,2024-03-18,190782
OPP_00830,ALC_0084,Oxygen,Closed Won,353711,22,Hugo,2025-04-17,353711
OPP_00831,ALC_0133,CO2,Negotiation,227820,79,Nina,2025-01-28,0
OPP_00832,ALC_0065,Argon,Negotiation,343030,76,Nina,2024-03-07,0
OPP_00833,ALC_0003,Oxygen,Qualified,417032,67,Hugo,2024-12-04,0
OPP_00834,ALC_0142,Argon,Closed Won,221896,91,Hugo,2024-05-11,221896
OPP_00835,ALC_0120,CO2,Proposal,296576,84,Emma,2024-02-07,0
OPP_00836,ALC_0068,Medical Gas Mix,Prospect,369378,93,Emma,2023-11-19,0
OPP_00837,ALC_0146,Hydrogen,Qualified,339517,73,Nina,2023-07-29,0
OPP_00838,ALC_0037,CO2,Closed Lost,170289,78,Emma,2024-09-06,0
OPP_00839,ALC_0073,Nitrogen,Closed Won,288028,92,Lucas,2023-11-25,288028
OPP_00840,ALC_0143,Argon,Closed Lost,272598,95,Emma,2024-01-07,0
OPP_00841,ALC_0049,Argon,Negotiation,79960,68,Emma,2024-04-04,0
OPP_00842,ALC_0121,Medical Gas Mix,Qualified,214842,69,Nina,2023-05-13,0
OPP_00843,ALC_0088,Nitrogen,Qualified,243245,92,Lucas,2025-04-14,0
OPP_00844,ALC_0140,Medical Gas Mix,Qualified,97236,71,Emma,2024-10-12,0
OPP_00845,ALC_0037,Nitrogen,Prospect,482164,25,Lucas,2023-05-01,0
OPP_00846,ALC_0061,Hydrogen,Proposal,460887,97,Lucas,2024-08-28,0
OPP_00847,ALC_0124,Argon,Qualified,52111,77,Lucas,2024-03-27,0
OPP_00848,ALC_0039,Argon,Proposal,437829,24,Hugo,2023-05-09,0
OPP_00849,ALC_0063,Hydrogen,Closed Lost,665250,98,Hugo,2023-04-01,0
OPP_00850,ALC_0046,Oxygen,Proposal,125592,64,Hugo,2024-08-26,0
OPP_00851,ALC_0088,Medical Gas Mix,Closed Won,478000,44,Hugo,2024-07-28,239000
OPP_00852,ALC_0011,Hydrogen,Negotiation,260989,64,Nina,2023-01-29,0
OPP_00853,ALC_0062,Medical Gas Mix,Qualified,654274,23,Emma,2024-12-22,0
OPP_00854,ALC_0077,CO2,Proposal,133652,58,Hugo,2024-06-07,0
OPP_00855,ALC_0052,Argon,Prospect,407064,92,Nina,2023-11-29,0
OPP_00856,ALC_0004,Medical Gas Mix,Qualified,167344,16,Emma,2023-10-24,0
OPP_00857,ALC_0059,Nitrogen,Negotiation,255351,39,Hugo,2023-05-10,0
OPP_00858,ALC_0072,Medical Gas Mix,Prospect,666538,92,Emma,2023-10-20,0
OPP_00859,ALC_0148,CO2,Qualified,222516,58,Hugo,2023-06-22,0
OPP_00860,ALC_0093,Argon,Proposal,384653,98,Nina,2024-12-20,0
OPP_00861,ALC_0063,Hydrogen,Closed Lost,199806,25,Lucas,2023-01-24,0
OPP_00862,ALC_0054,CO2,Closed Won,208117,60,Lucas,2023-04-09,208117
OPP_00863,ALC_0117,Argon,Closed Won,242069,81,Emma,2024-02-10,242069
OPP_00864,ALC_0110,Medical Gas Mix,Prospect,94444,91,Nina,2023-12-22,0
OPP_00865,ALC_0074,Oxygen,Closed Won,316367,89,Lucas,2023-05-19,316367
OPP_00866,ALC_0107,Oxygen,Closed Won,246084,92,Hugo,2024-05-17,246084
OPP_00867,ALC_0057,Nitrogen,Negotiation,247318,51,Lucas,2025-04-05,0
OPP_00868,ALC_0003,Argon,Closed Lost,70333,26,Emma,2023-06-23,0
OPP_00869,ALC_0120,Oxygen,Qualified,188804,72,Emma,2023-01-29,0
OPP_00870,ALC_0006,Hydrogen,Closed Lost,389794,54,Nina,2024-05-10,0
OPP_00871,ALC_0005,Argon,Closed Lost,54420,86,Emma,2024-10-16,0
OPP_00872,ALC_0005,Hydrogen,Prospect,80504,16,Lucas,2025-04-07,0
OPP_00873,ALC_0054,Hydrogen,Proposal,7462,36,Lucas,2023-12-17,0
OPP_00874,ALC_0047,Oxygen,Closed Lost,276604,19,Lucas,2024-07-07,0
OPP_00875,ALC_0009,Argon,Prospect,104319,43,Lucas,2023-10-26,0
OPP_00876,ALC_0099,Medical Gas Mix,Proposal,523348,45,Nina,2024-12-20,0
OPP_00877,ALC_0020,CO2,Closed Lost,436041,34,Hugo,2025-04-21,0
OPP_00878,ALC_0122,Oxygen,Negotiation,492429,15,Hugo,2023-07-11,0
OPP_00879,ALC_0061,Oxygen,Qualified,149341,33,Nina,2024-11-02,0
OPP_00880,ALC_0123,Medical Gas Mix,Negotiation,269186,27,Emma,2023-03-05,0
OPP_00881,ALC_0082,Argon,Qualified,127672,96,Hugo,2025-01-24,0
OPP_00882,ALC_0062,Argon,Proposal,464158,15,Emma,2025-02-08,0
OPP_00883,ALC_0145,Hydrogen,Prospect,340064,38,Hugo,2024-10-25,0
OPP_00884,ALC_0003,Medical Gas Mix,Negotiation,579394,34,Emma,2023-08-03,0
OPP_00885,ALC_0013,Medical Gas Mix,Proposal,845164,64,Nina,2025-04-13,0
OPP_00886,ALC_0120,Argon,Closed Won,49036,90,Lucas,2023-06-15,49036
OPP_00887,ALC_0125,Hydrogen,Negotiation,153441,55,Emma,2024-06-26,0
OPP_00888,ALC_0089,Oxygen,Proposal,147867,33,Lucas,2025-06-01,0
OPP_00889,ALC_0073,Nitrogen,Negotiation,75021,84,Emma,2023-08-20,0
OPP_00890,ALC_0068,CO2,Prospect,374349,35,Emma,2025-03-04,0
OPP_00891,ALC_0142,Oxygen,Negotiation,466370,37,Emma,2024-06-24,0
OPP_00892,ALC_0101,Argon,Qualified,166215,12,Emma,2023-07-14,0
OPP_00893,ALC_0098,CO2,Closed Lost,427641,84,Emma,2024-05-20,0
OPP_00894,ALC_0011,Nitrogen,Prospect,355353,47,Lucas,2023-11-30,0
OPP_00895,ALC_0105,Nitrogen,Proposal,342283,70,Emma,2025-02-06,0
OPP_00896,ALC_0067,Hydrogen,Negotiation,241304,87,Lucas,2025-03-03,0
OPP_00897,ALC_0123,CO2,Proposal,10368,60,Nina,2023-10-31,0
OPP_00898,ALC_0029,Hydrogen,Prospect,140693,99,Hugo,2025-04-12,0
OPP_00899,ALC_0137,Oxygen,Negotiation,63829,57,Emma,2024-03-12,0
OPP_00900,ALC_0076,Medical Gas Mix,Negotiation,792360,30,Hugo,2023-11-19,0
OPP_00901,ALC_0009,Medical Gas Mix,Closed Won,917020,63,Lucas,2024-05-16,458510
OPP_00902,ALC_0040,Medical Gas Mix,Proposal,563726,65,Nina,2025-05-07,0
OPP_00903,ALC_0025,CO2,Negotiation,34227,68,Nina,2024-01-28,0
OPP_00904,ALC_0005,Medical Gas Mix,Proposal,228860,81,Nina,2025-03-16,0
OPP_00905,ALC_0139,Oxygen,Negotiation,405782,60,Hugo,2024-08-21,0
OPP_00906,ALC_0124,Hydrogen,Negotiation,17306,29,Lucas,2023-05-29,0
OPP_00907,ALC_0038,CO2,Proposal,58822,95,Emma,2025-01-30,0
OPP_00908,ALC_0072,Hydrogen,Qualified,29042,68,Emma,2025-04-12,0
OPP_00909,ALC_0133,CO2,Prospect,413302,80,Lucas,2024-02-09,0
OPP_00910,ALC_0090,Hydrogen,Qualified,153459,18,Hugo,2023-10-10,0
OPP_00911,ALC_0146,Nitrogen,Prospect,425258,10,Emma,2023-12-28,0
OPP_00912,ALC_0037,Hydrogen,Proposal,94424,38,Lucas,2024-01-14,0
OPP_00913,ALC_0060,Medical Gas Mix,Negotiation,375380,72,Emma,2023-07-17,0
OPP_00914,ALC_0028,Nitrogen,Qualified,228122,81,Nina,2024-07-09,0
OPP_00915,ALC_0081,Hydrogen,Closed Lost,154395,65,Emma,2023-12-22,0
OPP_00916,ALC_0114,CO2,Prospect,23019,77,Hugo,2024-06-23,0
OPP_00917,ALC_0040,CO2,Closed Won,342570,44,Lucas,2024-03-04,342570
OPP_00918,ALC_0045,CO2,Negotiation,45863,12,Hugo,2023-01-17,0
OPP_00919,ALC_0062,Argon,Proposal,116023,16,Lucas,2024-09-30,0
OPP_00920,ALC_0093,Oxygen,Prospect,146355,36,Nina,2024-01-14,0
OPP_00921,ALC_0115,CO2,Negotiation,416495,10,Lucas,2024-11-10,0
OPP_00922,ALC_0067,Nitrogen,Proposal,314143,89,Emma,2024-05-20,0
OPP_00923,ALC_0056,CO2,Closed Lost,67780,80,Emma,2025-01-25,0
OPP_00924,ALC_0040,Argon,Proposal,290052,53,Nina,2025-06-17,0
OPP_00925,ALC_0098,Medical Gas Mix,Closed Lost,395312,96,Lucas,2023-03-17,0
OPP_00926,ALC_0040,Nitrogen,Qualified,393422,50,Nina,2023-08-19,0
OPP_00927,ALC_0091,Argon,Closed Won,380146,84,Emma,2024-12-16,380146
OPP_00928,ALC_0033,Medical Gas Mix,Negotiation,896882,51,Hugo,2023-09-05,0
OPP_00929,ALC_0006,Nitrogen,Closed Won,174024,42,Nina,2023-10-29,174024
OPP_00930,ALC_0147,Hydrogen,Qualified,105706,59,Hugo,2024-12-26,0
OPP_00931,ALC_0080,Oxygen,Negotiation,521205,72,Hugo,2023-08-03,0
OPP_00932,ALC_0092,Oxygen,Proposal,127019,46,Lucas,2023-06-07,0
OPP_00933,ALC_0097,Argon,Closed Won,376852,68,Nina,2023-03-10,376852
OPP_00934,ALC_0059,Medical Gas Mix,Qualified,394906,90,Hugo,2024-01-28,0
OPP_00935,ALC_0059,Oxygen,Closed Won,184001,57,Hugo,2023-03-26,184001
OPP_00936,ALC_0048,Medical Gas Mix,Prospect,552974,14,Lucas,2023-09-24,0
OPP_00937,ALC_0013,Medical Gas Mix,Closed Won,686634,57,Lucas,2023-03-10,343317
OPP_00938,ALC_0107,Argon,Closed Won,105260,12,Emma,2024-09-02,105260
OPP_00939,ALC_0045,Argon,Closed Won,175863,56,Hugo,2023-12-13,175863
OPP_00940,ALC_0089,Argon,Proposal,165206,71,Emma,2024-12-28,0
OPP_00941,ALC_0100,Oxygen,Proposal,183173,23,Hugo,2024-11-03,0
OPP_00942,ALC_0007,Argon,Closed Lost,74443,72,Emma,2024-02-27,0
OPP_00943,ALC_0133,Oxygen,Qualified,235183,70,Lucas,2024-08-28,0
OPP_00944,ALC_0045,Argon,Proposal,324674,40,Nina,2023-06-23,0
OPP_00945,ALC_0058,CO2,Negotiation,445015,26,Lucas,2024-11-07,0
OPP_00946,ALC_0031,Medical Gas Mix,Closed Won,281798,33,Emma,2023-04-25,140899
OPP_00947,ALC_0023,Argon,Qualified,101143,32,Emma,2023-08-08,0
OPP_00948,ALC_0138,Nitrogen,Negotiation,198725,91,Nina,2023-01-31,0
OPP_00949,ALC_0107,Medical Gas Mix,Closed Won,299542,59,Hugo,2024-06-06,149771
OPP_00950,ALC_0039,Medical Gas Mix,Prospect,979270,87,Emma,2023-12-09,0
OPP_00951,ALC_0082,Argon,Closed Lost,381671,88,Emma,2024-01-12,0
OPP_00952,ALC_0100,Hydrogen,Prospect,253044,88,Emma,2023-05-10,0
OPP_00953,ALC_0002,Argon,Proposal,141385,79,Nina,2024-09-08,0
OPP_00954,ALC_0077,Medical Gas Mix,Prospect,299340,36,Lucas,2024-06-22,0
OPP_00955,ALC_0012,Nitrogen,Prospect,116362,24,Emma,2025-01-08,0
OPP_00956,ALC_0039,Medical Gas Mix,Closed Lost,503034,59,Nina,2023-01-02,0
OPP_00957,ALC_0013,Nitrogen,Proposal,295951,45,Emma,2025-05-20,0
OPP_00958,ALC_0046,Oxygen,Proposal,468639,17,Hugo,2023-04-11,0
OPP_00959,ALC_0113,CO2,Qualified,205462,88,Nina,2024-06-16,0
OPP_00960,ALC_0017,Medical Gas Mix,Negotiation,1087788,12,Emma,2023-02-27,0
OPP_00961,ALC_0104,Argon,Negotiation,64550,71,Nina,2024-01-24,0
OPP_00962,ALC_0098,Oxygen,Proposal,478288,56,Emma,2024-11-22,0
OPP_00963,ALC_0088,CO2,Qualified,270702,86,Lucas,2023-12-07,0
OPP_00964,ALC_0109,Argon,Closed Won,1420572,97,Emma,2025-05-10,473524
OPP_00965,ALC_0070,Hydrogen,Proposal,317257,70,Nina,2023-01-20,0
OPP_00966,ALC_0074,Argon,Proposal,320143,41,Hugo,2023-09-12,0
OPP_00967,ALC_0063,Nitrogen,Qualified,575850,22,Hugo,2023-11-13,0
OPP_00968,ALC_0060,Nitrogen,Closed Won,434559,10,Hugo,2023-02-07,434559
OPP_00969,ALC_0079,Hydrogen,Proposal,63219,43,Emma,2024-10-21,0
OPP_00970,ALC_0037,Oxygen,Proposal,171258,71,Lucas,2024-06-20,0
OPP_00971,ALC_0022,CO2,Qualified,435182,88,Emma,2024-01-21,0
OPP_00972,ALC_0148,Argon,Closed Lost,169841,87,Hugo,2024-09-24,0
OPP_00973,ALC_0096,Nitrogen,Qualified,256004,91,Nina,2023-01-26,0
OPP_00974,ALC_0068,Oxygen,Closed Won,262336,80,Hugo,2024-03-29,262336
OPP_00975,ALC_0017,Hydrogen,Proposal,724485,40,Nina,2024-11-11,0
OPP_00976,ALC_0012,Medical Gas Mix,Qualified,116436,73,Lucas,2023-11-19,0
OPP_00977,ALC_0150,Nitrogen,Closed Won,286373,34,Nina,2025-01-06,286373
OPP_00978,ALC_0145,Hydrogen,Qualified,342353,47,Emma,2024-05-27,0
OPP_00979,ALC_0138,Argon,Closed Won,32877,23,Emma,2025-03-29,32877
OPP_00980,ALC_0118,CO2,Closed Lost,194073,17,Emma,2025-02-11,0
OPP_00981,ALC_0022,Nitrogen,Closed Won,364281,63,Nina,2023-01-13,364281
OPP_00982,ALC_0120,Nitrogen,Prospect,305228,11,Emma,2024-07-13,0
OPP_00983,ALC_0050,Argon,Closed Won,348924,90,Emma,2025-04-04,348924
OPP_00984,ALC_0014,Medical Gas Mix,Proposal,982216,87,Emma,2024-01-06,0
OPP_00985,ALC_0029,Oxygen,Closed Won,152878,98,Lucas,2023-10-18,152878
OPP_00986,ALC_0125,CO2,Negotiation,224707,65,Nina,2023-11-28,0
OPP_00987,ALC_0007,Nitrogen,Closed Won,246249,93,Nina,2024-08-28,246249
OPP_00988,ALC_0029,CO2,Proposal,42034,94,Hugo,2023-09-18,0
OPP_00989,ALC_0139,Nitrogen,Proposal,176389,70,Nina,2025-02-28,0
OPP_00990,ALC_0033,CO2,Prospect,322612,31,Lucas,2025-05-20,0
OPP_00991,ALC_0134,Hydrogen,Closed Won,417310,44,Nina,2023-07-24,417310
OPP_00992,ALC_0111,Nitrogen,Proposal,193868,25,Lucas,2024-11-27,0
OPP_00993,ALC_0079,CO2,Proposal,15589,59,Lucas,2024-11-17,0
OPP_00994,ALC_0058,Oxygen,Closed Won,62221,52,Nina,2024-01-22,62221
OPP_00995,ALC_0026,Hydrogen,Negotiation,260927,26,Hugo,2025-06-10,0
OPP_00996,ALC_0029,Hydrogen,Qualified,268801,89,Emma,2025-03-31,0
OPP_00997,ALC_0004,Oxygen,Negotiation,365444,67,Emma,2024-04-12,0
OPP_00998,ALC_0099,CO2,Proposal,122229,11,Nina,2024-02-19,0
OPP_00999,ALC_0141,Argon,Proposal,306675,13,Nina,2023-03-10,0
OPP_01000,ALC_0039,Oxygen,Prospect,57227,94,Lucas,2024-04-16,0
OPP_01001,ALC_0015,CO2,Qualified,270308,48,Nina,2023-04-14,0
OPP_01002,ALC_0119,Oxygen,Qualified,98078,15,Lucas,2025-01-27,0
OPP_01003,ALC_0029,Oxygen,Closed Won,482189,90,Hugo,2023-06-10,482189
OPP_01004,ALC_0075,Nitrogen,Prospect,308391,98,Nina,2023-07-19,0
OPP_01005,ALC_0116,CO2,Proposal,240113,78,Emma,2023-08-04,0
OPP_01006,ALC_0032,Argon,Closed Lost,417817,78,Emma,2023-07-31,0
OPP_01007,ALC_0130,Nitrogen,Prospect,492182,29,Nina,2024-05-22,0
OPP_01008,ALC_0084,Oxygen,Proposal,55599,73,Lucas,2023-01-16,0
OPP_01009,ALC_0022,Medical Gas Mix,Closed Won,939522,25,Emma,2024-05-12,469761
OPP_01010,ALC_0027,Oxygen,Closed Lost,251367,60,Lucas,2025-06-02,0
OPP_01011,ALC_0081,Oxygen,Closed Won,402768,46,Nina,2023-11-28,402768
OPP_01012,ALC_0126,CO2,Closed Won,407633,82,Nina,2024-12-17,407633
OPP_01013,ALC_0092,CO2,Closed Won,194651,78,Emma,2025-05-26,194651
OPP_01014,ALC_0021,Nitrogen,Proposal,73207,51,Nina,2024-07-04,0
OPP_01015,ALC_0047,Argon,Closed Won,339199,66,Hugo,2024-08-23,339199
OPP_01016,ALC_0101,Nitrogen,Prospect,369410,75,Hugo,2023-09-13,0
OPP_01017,ALC_0084,Hydrogen,Closed Lost,345414,18,Emma,2025-02-04,0
OPP_01018,ALC_0006,Oxygen,Proposal,116426,95,Hugo,2024-12-28,0
OPP_01019,ALC_0147,Medical Gas Mix,Negotiation,279588,73,Lucas,2025-05-29,0
OPP_01020,ALC_0131,Oxygen,Qualified,337586,95,Emma,2025-03-25,0
OPP_01021,ALC_0001,Oxygen,Closed Won,1088328,31,Emma,2023-06-21,362776
OPP_01022,ALC_0058,Nitrogen,Prospect,176103,43,Lucas,2024-10-10,0
OPP_01023,ALC_0124,Medical Gas Mix,Closed Won,430614,64,Hugo,2024-05-12,215307
OPP_01024,ALC_0015,Medical Gas Mix,Closed Won,52876,38,Hugo,2024-04-15,26438
OPP_01025,ALC_0064,Medical Gas Mix,Qualified,127638,47,Hugo,2024-01-19,0
OPP_01026,ALC_0025,Nitrogen,Closed Won,48856,27,Emma,2024-11-20,48856
OPP_01027,ALC_0024,Oxygen,Closed Won,431792,80,Emma,2024-08-11,431792
OPP_01028,ALC_0012,Nitrogen,Negotiation,309082,74,Hugo,2024-11-30,0
OPP_01029,ALC_0018,CO2,Proposal,447244,10,Nina,2024-05-21,0
OPP_01030,ALC_0015,CO2,Qualified,64807,97,Hugo,2024-06-10,0
OPP_01031,ALC_0027,Nitrogen,Qualified,317021,13,Lucas,2025-03-14,0
OPP_01032,ALC_0072,Medical Gas Mix,Qualified,991998,13,Emma,2025-04-10,0
OPP_01033,ALC_0060,Oxygen,Closed Lost,48461,91,Lucas,2023-11-21,0
OPP_01034,ALC_0145,Nitrogen,Prospect,98474,36,Lucas,2023-08-02,0
OPP_01035,ALC_0093,Nitrogen,Closed Won,438685,52,Emma,2023-07-27,438685
OPP_01036,ALC_0053,Nitrogen,Qualified,350280,68,Nina,2023-06-18,0
OPP_01037,ALC_0008,Hydrogen,Proposal,287579,41,Hugo,2023-11-26,0
OPP_01038,ALC_0079,CO2,Closed Won,220189,42,Lucas,2023-10-07,220189
OPP_01039,ALC_0027,Medical Gas Mix,Closed Won,824814,37,Emma,2023-11-01,412407
OPP_01040,ALC_0050,Argon,Qualified,351870,64,Lucas,2023-05-26,0
OPP_01041,ALC_0131,Medical Gas Mix,Proposal,519460,69,Hugo,2025-02-13,0
OPP_01042,ALC_0093,Argon,Proposal,251732,79,Nina,2024-05-30,0
OPP_01043,ALC_0024,Hydrogen,Prospect,425602,71,Nina,2023-03-31,0
OPP_01044,ALC_0060,Nitrogen,Qualified,167793,89,Nina,2024-03-28,0
OPP_01045,ALC_0122,Hydrogen,Proposal,59786,43,Emma,2023-03-01,0
OPP_01046,ALC_0131,Hydrogen,Proposal,280848,96,Emma,2023-11-07,0
OPP_01047,ALC_0148,Oxygen,Closed Won,61635,97,Nina,2024-06-11,61635
OPP_01048,ALC_0046,CO2,Proposal,400339,65,Hugo,2023-08-15,0
OPP_01049,ALC_0015,Argon,Proposal,357854,22,Hugo,2024-04-18,0
OPP_01050,ALC_0017,Nitrogen,Proposal,737727,65,Emma,2024-06-24,0
OPP_01051,ALC_0126,Argon,Closed Won,250984,27,Nina,2024-10-24,250984
OPP_01052,ALC_0084,Medical Gas Mix,Closed Won,660274,63,Hugo,2025-01-26,330137
OPP_01053,ALC_0009,Argon,Proposal,117752,86,Hugo,2025-02-20,0
OPP_01054,ALC_0063,Medical Gas Mix,Closed Won,1297164,52,Hugo,2023-03-20,216194
OPP_01055,ALC_0117,CO2,Qualified,233584,48,Emma,2024-03-08,0
OPP_01056,ALC_0130,Medical Gas Mix,Proposal,847264,70,Nina,2025-03-11,0
OPP_01057,ALC_0088,Argon,Qualified,137886,51,Lucas,2023-06-02,0
OPP_01058,ALC_0072,Argon,Proposal,83537,90,Nina,2025-02-27,0
OPP_01059,ALC_0139,Medical Gas Mix,Closed Won,634804,88,Nina,2024-02-05,317402
OPP_01060,ALC_0064,Hydrogen,Closed Won,152580,27,Emma,2023-10-06,152580
OPP_01061,ALC_0072,CO2,Prospect,90166,32,Hugo,2023-02-26,0
OPP_01062,ALC_0021,Oxygen,Negotiation,214988,63,Hugo,2023-07-05,0
OPP_01063,ALC_0018,Nitrogen,Negotiation,380854,39,Emma,2024-02-02,0
OPP_01064,ALC_0064,Argon,Prospect,302843,67,Emma,2024-08-27,0
OPP_01065,ALC_0082,Nitrogen,Qualified,313479,77,Emma,2025-02-26,0
OPP_01066,ALC_0110,Oxygen,Qualified,313950,76,Emma,2023-06-07,0
OPP_01067,ALC_0095,Nitrogen,Qualified,344997,80,Emma,2025-02-25,0
OPP_01068,ALC_0032,Oxygen,Qualified,199840,27,Lucas,2024-11-23,0
OPP_01069,ALC_0011,Medical Gas Mix,Qualified,605766,16,Nina,2023-12-25,0
OPP_01070,ALC_0045,Hydrogen,Qualified,39785,49,Nina,2024-03-15,0
OPP_01071,ALC_0033,Argon,Closed Won,168052,79,Nina,2024-08-11,168052
OPP_01072,ALC_0102,Oxygen,Negotiation,487551,95,Hugo,2024-04-10,0
OPP_01073,ALC_0136,Nitrogen,Closed Lost,236791,74,Lucas,2024-10-24,0
OPP_01074,ALC_0011,Argon,Proposal,492918,77,Nina,2024-03-21,0
OPP_01075,ALC_0088,Hydrogen,Closed Won,352160,58,Hugo,2025-01-19,352160
OPP_01076,ALC_0041,Medical Gas Mix,Closed Won,2398950,61,Lucas,2025-03-11,399825
OPP_01077,ALC_0145,Argon,Negotiation,71253,38,Lucas,2025-01-12,0
OPP_01078,ALC_0076,Oxygen,Proposal,483697,30,Hugo,2024-05-02,0
OPP_01079,ALC_0121,Hydrogen,Closed Won,96128,99,Lucas,2024-06-13,96128
OPP_01080,ALC_0046,Nitrogen,Qualified,426357,87,Hugo,2023-03-14,0
OPP_01081,ALC_0080,Hydrogen,Qualified,498243,18,Nina,2024-12-01,0
OPP_01082,ALC_0054,Hydrogen,Proposal,394725,56,Hugo,2023-01-17,0
OPP_01083,ALC_0086,CO2,Negotiation,115966,85,Lucas,2024-06-14,0
OPP_01084,ALC_0092,Hydrogen,Prospect,142854,51,Nina,2024-12-31,0
OPP_01085,ALC_0148,Hydrogen,Closed Lost,490288,60,Nina,2023-11-22,0
OPP_01086,ALC_0097,Argon,Negotiation,104352,65,Emma,2024-09-23,0
OPP_01087,ALC_0002,Nitrogen,Proposal,424149,60,Emma,2024-09-04,0
OPP_01088,ALC_0033,Argon,Closed Lost,344298,79,Lucas,2024-06-29,0
OPP_01089,ALC_0077,Argon,Proposal,144379,29,Hugo,2024-08-18,0
OPP_01090,ALC_0116,Oxygen,Closed Lost,228279,97,Hugo,2024-12-08,0
OPP_01091,ALC_0150,Argon,Proposal,242281,36,Lucas,2025-04-21,0
OPP_01092,ALC_0103,CO2,Prospect,113297,47,Nina,2023-07-21,0
OPP_01093,ALC_0103,CO2,Closed Won,211946,81,Lucas,2023-12-10,211946
OPP_01094,ALC_0090,Oxygen,Negotiation,43346,74,Lucas,2025-05-02,0
OPP_01095,ALC_0122,Medical Gas Mix,Closed Won,234276,63,Nina,2024-06-06,117138
OPP_01096,ALC_0143,Nitrogen,Closed Lost,317916,33,Hugo,2025-05-08,0
OPP_01097,ALC_0106,Nitrogen,Closed Won,470300,56,Lucas,2024-02-04,470300
OPP_01098,ALC_0119,Argon,Negotiation,45149,80,Hugo,2023-08-06,0
OPP_01099,ALC_0049,Argon,Closed Won,353844,92,Lucas,2024-03-20,353844
OPP_01100,ALC_0104,Medical Gas Mix,Negotiation,327196,95,Nina,2025-02-03,0
OPP_01101,ALC_0061,Argon,Proposal,363902,72,Nina,2023-08-10,0
OPP_01102,ALC_0123,Nitrogen,Closed Won,483928,66,Emma,2024-01-18,483928
OPP_01103,ALC_0134,Hydrogen,Qualified,133447,64,Nina,2025-05-30,0
OPP_01104,ALC_0009,CO2,Closed Won,466693,69,Emma,2024-08-14,466693
OPP_01105,ALC_0006,Hydrogen,Closed Won,10695,71,Lucas,2023-01-07,10695
OPP_01106,ALC_0073,Hydrogen,Closed Won,44169,39,Hugo,2023-09-29,44169
OPP_01107,ALC_0103,Nitrogen,Negotiation,315091,31,Nina,2025-01-08,0
OPP_01108,ALC_0041,Hydrogen,Closed Won,549888,84,Nina,2023-01-16,183296
OPP_01109,ALC_0114,Medical Gas Mix,Proposal,626018,93,Nina,2024-02-28,0
OPP_01110,ALC_0008,Oxygen,Closed Won,161625,38,Lucas,2024-06-07,161625
OPP_01111,ALC_0072,Argon,Qualified,371645,50,Emma,2025-03-13,0
OPP_01112,ALC_0092,Oxygen,Prospect,327554,51,Lucas,2025-01-22,0
OPP_01113,ALC_0062,CO2,Qualified,370898,74,Hugo,2023-01-21,0
OPP_01114,ALC_0084,Argon,Proposal,358039,40,Lucas,2024-11-20,0
OPP_01115,ALC_0062,Hydrogen,Proposal,423032,39,Hugo,2023-08-16,0
OPP_01116,ALC_0111,CO2,Closed Won,191098,27,Nina,2025-02-23,191098
OPP_01117,ALC_0127,Argon,Proposal,317849,26,Hugo,2023-10-15,0
OPP_01118,ALC_0007,Medical Gas Mix,Proposal,395988,47,Hugo,2025-03-19,0
OPP_01119,ALC_0084,Medical Gas Mix,Prospect,765688,23,Emma,2023-05-14,0
OPP_01120,ALC_0132,Medical Gas Mix,Proposal,682116,96,Hugo,2023-10-10,0
OPP_01121,ALC_0134,Medical Gas Mix,Negotiation,13762,98,Hugo,2024-02-08,0
OPP_01122,ALC_0058,Hydrogen,Prospect,437783,88,Lucas,2024-10-26,0
OPP_01123,ALC_0022,Oxygen,Qualified,314509,65,Nina,2023-03-07,0
OPP_01124,ALC_0127,Argon,Qualified,84211,31,Lucas,2024-10-10,0
OPP_01125,ALC_0003,Hydrogen,Prospect,468338,76,Lucas,2024-08-26,0
OPP_01126,ALC_0127,Medical Gas Mix,Proposal,322156,65,Nina,2024-03-12,0
OPP_01127,ALC_0041,Oxygen,Qualified,925026,28,Nina,2025-04-08,0
OPP_01128,ALC_0106,CO2,Closed Won,421047,66,Hugo,2023-09-16,421047
OPP_01129,ALC_0014,CO2,Closed Won,367793,53,Hugo,2023-04-13,367793
OPP_01130,ALC_0012,CO2,Proposal,414675,44,Emma,2024-07-20,0
OPP_01131,ALC_0087,Medical Gas Mix,Closed Lost,861318,10,Lucas,2025-02-07,0
OPP_01132,ALC_0012,CO2,Proposal,440532,61,Nina,2023-04-11,0
OPP_01133,ALC_0141,Nitrogen,Proposal,232203,94,Hugo,2023-07-17,0
OPP_01134,ALC_0025,Argon,Closed Lost,200558,79,Nina,2025-03-23,0
OPP_01135,ALC_0045,Argon,Qualified,141949,46,Hugo,2023-08-14,0
OPP_01136,ALC_0122,Medical Gas Mix,Closed Lost,89106,74,Emma,2024-04-07,0
OPP_01137,ALC_0147,Nitrogen,Prospect,403138,60,Emma,2023-08-25,0
OPP_01138,ALC_0055,Hydrogen,Proposal,389922,10,Nina,2023-01-26,0
OPP_01139,ALC_0100,Hydrogen,Prospect,384162,30,Emma,2023-05-01,0
OPP_01140,ALC_0136,CO2,Closed Won,140758,62,Nina,2024-05-20,140758
OPP_01141,ALC_0119,Oxygen,Negotiation,37766,25,Hugo,2023-07-01,0
OPP_01142,ALC_0053,Hydrogen,Closed Won,478159,70,Lucas,2024-12-11,478159
OPP_01143,ALC_0032,Oxygen,Proposal,299150,63,Emma,2025-03-24,0
OPP_01144,ALC_0051,Argon,Proposal,36422,49,Hugo,2025-02-05,0
OPP_01145,ALC_0044,Oxygen,Prospect,383734,35,Lucas,2024-09-25,0
OPP_01146,ALC_0082,Argon,Qualified,279349,89,Lucas,2024-06-26,0
OPP_01147,ALC_0146,Nitrogen,Closed Lost,484806,74,Lucas,2023-11-11,0
OPP_01148,ALC_0150,Nitrogen,Proposal,159599,83,Hugo,2025-03-07,0
OPP_01149,ALC_0037,Medical Gas Mix,Closed Won,495110,73,Hugo,2024-09-09,247555
OPP_01150,ALC_0096,Medical Gas Mix,Closed Won,833318,52,Nina,2025-01-05,416659
OPP_01151,ALC_0056,CO2,Proposal,414740,26,Lucas,2023-09-30,0
OPP_01152,ALC_0105,Hydrogen,Negotiation,383621,68,Lucas,2023-08-20,0
OPP_01153,ALC_0059,CO2,Prospect,33202,32,Lucas,2024-02-24,0
OPP_01154,ALC_0131,Argon,Prospect,463768,16,Nina,2025-02-06,0
OPP_01155,ALC_0035,CO2,Prospect,444358,53,Lucas,2024-03-17,0
OPP_01156,ALC_0093,Oxygen,Negotiation,328836,62,Hugo,2024-05-10,0
OPP_01157,ALC_0097,Argon,Proposal,218456,80,Lucas,2023-01-24,0
OPP_01158,ALC_0135,Medical Gas Mix,Proposal,51710,88,Emma,2023-04-19,0
OPP_01159,ALC_0076,Nitrogen,Proposal,481963,43,Hugo,2024-12-03,0
OPP_01160,ALC_0049,Medical Gas Mix,Proposal,392888,55,Nina,2024-05-16,0
OPP_01161,ALC_0094,Hydrogen,Negotiation,292239,77,Lucas,2025-05-08,0
OPP_01162,ALC_0024,Argon,Closed Won,436940,87,Emma,2023-01-25,436940
OPP_01163,ALC_0148,Argon,Prospect,316385,87,Nina,2023-07-06,0
OPP_01164,ALC_0037,Oxygen,Qualified,108119,25,Nina,2023-10-15,0
OPP_01165,ALC_0004,Hydrogen,Closed Won,57003,80,Hugo,2024-09-19,57003
OPP_01166,ALC_0108,Nitrogen,Proposal,466595,28,Nina,2023-12-04,0
OPP_01167,ALC_0126,Argon,Negotiation,99837,11,Nina,2025-05-27,0
OPP_01168,ALC_0020,Argon,Qualified,684204,19,Nina,2023-02-06,0
OPP_01169,ALC_0050,Oxygen,Proposal,495670,59,Nina,2025-03-04,0
OPP_01170,ALC_0096,CO2,Qualified,361427,90,Lucas,2023-05-17,0
OPP_01171,ALC_0105,Nitrogen,Qualified,414188,21,Lucas,2024-05-22,0
OPP_01172,ALC_0117,Medical Gas Mix,Negotiation,257610,79,Lucas,2023-08-15,0
OPP_01173,ALC_0098,Hydrogen,Proposal,360990,31,Lucas,2023-11-16,0
OPP_01174,ALC_0066,Argon,Closed Won,290071,41,Emma,2025-04-19,290071
OPP_01175,ALC_0079,Argon,Closed Won,387733,93,Lucas,2023-07-01,387733
OPP_01176,ALC_0006,Medical Gas Mix,Proposal,241314,10,Nina,2025-05-23,0
OPP_01177,ALC_0039,Nitrogen,Closed Won,333774,63,Lucas,2023-03-27,333774
OPP_01178,ALC_0115,CO2,Qualified,109428,67,Lucas,2024-04-11,0
OPP_01179,ALC_0125,Argon,Proposal,127035,79,Hugo,2023-02-22,0
OPP_01180,ALC_0012,Nitrogen,Closed Won,450563,92,Nina,2025-05-09,450563
OPP_01181,ALC_0131,Medical Gas Mix,Proposal,471560,27,Lucas,2025-05-16,0
OPP_01182,ALC_0018,Oxygen,Negotiation,393388,15,Lucas,2023-08-23,0
OPP_01183,ALC_0040,CO2,Qualified,487076,54,Lucas,2025-02-17,0
OPP_01184,ALC_0021,Hydrogen,Negotiation,222282,32,Emma,2025-03-09,0
OPP_01185,ALC_0143,Argon,Closed Won,74518,32,Lucas,2024-03-08,74518
OPP_01186,ALC_0099,Nitrogen,Closed Won,181355,35,Hugo,2024-05-10,181355
OPP_01187,ALC_0026,Oxygen,Closed Won,348470,86,Nina,2023-04-10,348470
OPP_01188,ALC_0008,Hydrogen,Closed Won,148277,16,Nina,2024-08-21,148277
OPP_01189,ALC_0100,Nitrogen,Negotiation,125243,88,Lucas,2024-02-07,0
OPP_01190,ALC_0087,Nitrogen,Negotiation,488090,53,Lucas,2024-01-31,0
OPP_01191,ALC_0042,Hydrogen,Prospect,279892,36,Lucas,2024-06-10,0
OPP_01192,ALC_0014,Oxygen,Proposal,419313,35,Nina,2024-02-19,0
OPP_01193,ALC_0078,Medical Gas Mix,Proposal,802616,88,Nina,2024-09-04,0
OPP_01194,ALC_0002,Oxygen,Closed Lost,58311,45,Emma,2024-11-07,0
OPP_01195,ALC_0119,CO2,Proposal,27692,64,Hugo,2024-04-07,0
OPP_01196,ALC_0037,Argon,Proposal,129954,73,Emma,2024-06-24,0
OPP_01197,ALC_0069,Hydrogen,Proposal,159934,66,Hugo,2024-09-17,0
OPP_01198,ALC_0041,Medical Gas Mix,Negotiation,2383074,78,Emma,2024-09-10,0
OPP_01199,ALC_0062,Hydrogen,Closed Won,226468,70,Nina,2023-12-30,226468
OPP_01200,ALC_0060,Hydrogen,Qualified,346651,11,Emma,2023-05-10,0
